benchmark,logic,predicted_solver_config,conf_cvc5::cvc5_bv_default,conf_cvc5::cvc5_bv_eager,conf_cvc5::cvc5_lia_arith,conf_cvc5::cvc5_lia_default,conf_z3::z3_bv_default,conf_z3::z3_bv_eager,conf_z3::z3_lia_arith,conf_z3::z3_lia_default
data/suite_500/QF_BV/20190311-bv-term-small-rw-Noetzli/bv-term-small-rw_1052.smt2,QF_BV,z3::z3_bv_default,0.0000,0.0000,,,0.0000,0.0000,,
data/suite_500/QF_BV/20190311-bv-term-small-rw-Noetzli/bv-term-small-rw_106.smt2,QF_BV,z3::z3_bv_default,0.0000,0.0000,,,0.0000,0.0000,,
data/suite_500/QF_BV/20190311-bv-term-small-rw-Noetzli/bv-term-small-rw_1087.smt2,QF_BV,z3::z3_bv_default,0.0000,0.0000,,,0.0000,0.0000,,
data/suite_500/QF_BV/20190311-bv-term-small-rw-Noetzli/bv-term-small-rw_1127.smt2,QF_BV,z3::z3_bv_default,0.0000,0.0000,,,0.0000,0.0000,,
data/suite_500/QF_BV/20190311-bv-term-small-rw-Noetzli/bv-term-small-rw_1153.smt2,QF_BV,z3::z3_bv_default,0.0000,0.0000,,,0.0000,0.0000,,
data/suite_500/QF_BV/20190311-bv-term-small-rw-Noetzli/bv-term-small-rw_1225.smt2,QF_BV,z3::z3_bv_default,0.0000,0.0000,,,0.0000,0.0000,,
data/suite_500/QF_BV/20190311-bv-term-small-rw-Noetzli/bv-term-small-rw_1302.smt2,QF_BV,z3::z3_bv_eager,0.0000,0.0000,,,0.0000,0.0000,,
data/suite_500/QF_BV/20190311-bv-term-small-rw-Noetzli/bv-term-small-rw_1334.smt2,QF_BV,z3::z3_bv_default,0.0000,0.0000,,,0.0000,0.0000,,
data/suite_500/QF_BV/20190311-bv-term-small-rw-Noetzli/bv-term-small-rw_1407.smt2,QF_BV,z3::z3_bv_default,0.0000,0.0000,,,0.0000,0.0000,,
data/suite_500/QF_BV/20190311-bv-term-small-rw-Noetzli/bv-term-small-rw_1482.smt2,QF_BV,z3::z3_bv_default,0.0000,0.0000,,,0.0000,0.0000,,
data/suite_500/QF_BV/20190311-bv-term-small-rw-Noetzli/bv-term-small-rw_181.smt2,QF_BV,z3::z3_bv_default,0.0000,0.0000,,,0.0000,0.0000,,
data/suite_500/QF_BV/20190311-bv-term-small-rw-Noetzli/bv-term-small-rw_237.smt2,QF_BV,z3::z3_bv_default,0.0000,0.0000,,,0.0000,0.0000,,
data/suite_500/QF_BV/20190311-bv-term-small-rw-Noetzli/bv-term-small-rw_294.smt2,QF_BV,z3::z3_bv_default,0.0000,0.0000,,,0.0000,0.0000,,
data/suite_500/QF_BV/20190311-bv-term-small-rw-Noetzli/bv-term-small-rw_298.smt2,QF_BV,z3::z3_bv_default,0.0000,0.0000,,,0.0000,0.0000,,
data/suite_500/QF_BV/20190311-bv-term-small-rw-Noetzli/bv-term-small-rw_363.smt2,QF_BV,z3::z3_bv_default,0.0000,0.0000,,,0.0000,0.0000,,
data/suite_500/QF_BV/20190311-bv-term-small-rw-Noetzli/bv-term-small-rw_396.smt2,QF_BV,z3::z3_bv_default,0.0000,0.0000,,,0.0000,0.0000,,
data/suite_500/QF_BV/20190311-bv-term-small-rw-Noetzli/bv-term-small-rw_421.smt2,QF_BV,z3::z3_bv_default,0.0000,0.0000,,,0.0000,0.0000,,
data/suite_500/QF_BV/20190311-bv-term-small-rw-Noetzli/bv-term-small-rw_437.smt2,QF_BV,z3::z3_bv_default,0.0000,0.0000,,,0.0000,0.0000,,
data/suite_500/QF_BV/20190311-bv-term-small-rw-Noetzli/bv-term-small-rw_494.smt2,QF_BV,z3::z3_bv_default,0.0000,0.0000,,,0.0000,0.0000,,
data/suite_500/QF_BV/20190311-bv-term-small-rw-Noetzli/bv-term-small-rw_496.smt2,QF_BV,z3::z3_bv_default,0.0000,0.0000,,,0.0000,0.0000,,
data/suite_500/QF_BV/20190311-bv-term-small-rw-Noetzli/bv-term-small-rw_593.smt2,QF_BV,z3::z3_bv_default,0.0000,0.0000,,,0.0000,0.0000,,
data/suite_500/QF_BV/20190311-bv-term-small-rw-Noetzli/bv-term-small-rw_631.smt2,QF_BV,z3::z3_bv_default,0.0000,0.0000,,,0.0000,0.0000,,
data/suite_500/QF_BV/20190311-bv-term-small-rw-Noetzli/bv-term-small-rw_652.smt2,QF_BV,z3::z3_bv_default,0.0000,0.0000,,,0.0000,0.0000,,
data/suite_500/QF_BV/20190311-bv-term-small-rw-Noetzli/bv-term-small-rw_795.smt2,QF_BV,z3::z3_bv_default,0.0000,0.0000,,,0.0000,0.0000,,
data/suite_500/QF_BV/20190311-bv-term-small-rw-Noetzli/bv-term-small-rw_913.smt2,QF_BV,z3::z3_bv_default,0.0000,0.0000,,,0.0000,0.0000,,
data/suite_500/QF_BV/20210219-Sydr/predicate_10592.smt2,QF_BV,z3::z3_bv_eager,0.0000,0.0000,,,0.0000,0.0000,,
data/suite_500/QF_BV/20210219-Sydr/predicate_1361.smt2,QF_BV,cvc5::cvc5_bv_eager,0.0000,0.0000,,,0.0000,0.0000,,
data/suite_500/QF_BV/20210219-Sydr/predicate_1898.smt2,QF_BV,cvc5::cvc5_bv_eager,0.0000,0.0000,,,0.0000,0.0000,,
data/suite_500/QF_BV/20210219-Sydr/predicate_1967.smt2,QF_BV,z3::z3_bv_eager,0.0000,0.0000,,,0.0000,0.0000,,
data/suite_500/QF_BV/20210219-Sydr/predicate_2025.smt2,QF_BV,z3::z3_bv_eager,0.0000,0.0000,,,0.0000,0.0000,,
data/suite_500/QF_BV/20210219-Sydr/predicate_2175.smt2,QF_BV,z3::z3_bv_eager,0.0000,0.0000,,,0.0000,0.0000,,
data/suite_500/QF_BV/20210219-Sydr/predicate_232.smt2,QF_BV,cvc5::cvc5_bv_eager,0.0000,0.0000,,,0.0000,0.0000,,
data/suite_500/QF_BV/20210219-Sydr/predicate_257.smt2,QF_BV,z3::z3_bv_default,0.0000,0.0000,,,0.0000,0.0000,,
data/suite_500/QF_BV/20210219-Sydr/predicate_2589.smt2,QF_BV,z3::z3_bv_default,0.0000,0.0000,,,0.0000,0.0000,,
data/suite_500/QF_BV/20210219-Sydr/predicate_2601.smt2,QF_BV,z3::z3_bv_eager,0.0000,0.0000,,,0.0000,0.0000,,
data/suite_500/QF_BV/20210219-Sydr/predicate_2716.smt2,QF_BV,z3::z3_bv_eager,0.0000,0.0000,,,0.0000,0.0000,,
data/suite_500/QF_BV/20210219-Sydr/predicate_2746.smt2,QF_BV,z3::z3_bv_eager,0.0000,0.0000,,,0.0000,0.0000,,
data/suite_500/QF_BV/20210219-Sydr/predicate_3021.smt2,QF_BV,z3::z3_bv_eager,0.0000,0.0000,,,0.0000,0.0000,,
data/suite_500/QF_BV/20210219-Sydr/predicate_307.smt2,QF_BV,z3::z3_bv_eager,0.0000,0.0000,,,0.0000,0.0000,,
data/suite_500/QF_BV/20210219-Sydr/predicate_3655.smt2,QF_BV,z3::z3_bv_eager,0.0000,0.0000,,,0.0000,0.0000,,
data/suite_500/QF_BV/20210219-Sydr/predicate_427.smt2,QF_BV,z3::z3_bv_eager,0.0000,0.0000,,,0.0000,0.0000,,
data/suite_500/QF_BV/20210219-Sydr/predicate_484.smt2,QF_BV,z3::z3_bv_default,0.0000,0.0000,,,0.0000,0.0000,,
data/suite_500/QF_BV/20210219-Sydr/predicate_488.smt2,QF_BV,z3::z3_bv_default,0.0000,0.0000,,,0.0000,0.0000,,
data/suite_500/QF_BV/20210219-Sydr/predicate_494.smt2,QF_BV,z3::z3_bv_default,0.0000,0.0000,,,0.0000,0.0000,,
data/suite_500/QF_BV/20210219-Sydr/predicate_547.smt2,QF_BV,cvc5::cvc5_bv_eager,0.0000,0.0000,,,0.0000,0.0000,,
data/suite_500/QF_BV/20210219-Sydr/predicate_601.smt2,QF_BV,z3::z3_bv_eager,0.0000,0.0000,,,0.0000,0.0000,,
data/suite_500/QF_BV/20210219-Sydr/predicate_6368.smt2,QF_BV,z3::z3_bv_eager,0.0000,0.0000,,,0.0000,0.0000,,
data/suite_500/QF_BV/20210219-Sydr/predicate_680.smt2,QF_BV,z3::z3_bv_eager,0.0000,0.0000,,,0.0000,0.0000,,
data/suite_500/QF_BV/20210219-Sydr/predicate_8566.smt2,QF_BV,z3::z3_bv_eager,0.0000,0.0000,,,0.0000,0.0000,,
data/suite_500/QF_BV/20210219-Sydr/predicate_913.smt2,QF_BV,z3::z3_bv_default,0.0000,0.0000,,,0.0000,0.0000,,
data/suite_500/QF_BV/20221012-MCMPC/dualexecution.t1.i14.977a94e6.smt2,QF_BV,z3::z3_bv_eager,0.0000,0.0000,,,0.0000,0.0000,,
data/suite_500/QF_BV/20221012-MCMPC/dualexecution.t1.i15.9dd29887.smt2,QF_BV,z3::z3_bv_default,0.0000,0.0000,,,0.0000,0.0000,,
data/suite_500/QF_BV/20221012-MCMPC/dualexecution.t1.i32.c384558c.smt2,QF_BV,z3::z3_bv_eager,0.0000,0.0000,,,0.0000,0.0000,,
data/suite_500/QF_BV/20221012-MCMPC/dualexecution_affine.t1.i4.8873db34.smt2,QF_BV,z3::z3_bv_default,0.0000,0.0000,,,0.0000,0.0000,,
data/suite_500/QF_BV/20221012-MCMPC/dualexecution_affine.t1.i6.0538c849.smt2,QF_BV,z3::z3_bv_eager,0.0000,0.0000,,,0.0000,0.0000,,
data/suite_500/QF_BV/20221012-MCMPC/dualexecution_affine.t1.i8.ecf1e576.smt2,QF_BV,z3::z3_bv_default,0.0000,0.0000,,,0.0000,0.0000,,
data/suite_500/QF_BV/20221012-MCMPC/mean_buckets.t1.i15.fd7669d8.smt2,QF_BV,cvc5::cvc5_bv_eager,0.0000,0.0000,,,0.0000,0.0000,,
data/suite_500/QF_BV/20221012-MCMPC/mean_buckets.t1.i16.25e8d83d.smt2,QF_BV,cvc5::cvc5_bv_eager,0.0000,0.0000,,,0.0000,0.0000,,
data/suite_500/QF_BV/20221012-MCMPC/mean_buckets.t1.i25.19546e0c.smt2,QF_BV,cvc5::cvc5_bv_default,0.0000,0.0000,,,0.0000,0.0000,,
data/suite_500/QF_BV/20221012-MCMPC/millionaires.t1.i22.26c1368b.smt2,QF_BV,z3::z3_bv_default,0.0000,0.0000,,,0.0000,0.0000,,
data/suite_500/QF_BV/20221012-MCMPC/millionaires.t1.i23.2b2d584a.smt2,QF_BV,z3::z3_bv_eager,0.0000,0.0000,,,0.0000,0.0000,,
data/suite_500/QF_BV/20221012-MCMPC/millionaires.t1.i24.f5938c30.smt2,QF_BV,z3::z3_bv_default,0.0000,0.0000,,,0.0000,0.0000,,
data/suite_500/QF_BV/20221012-MCMPC/millionaires.t1.i27.8b2c9382.smt2,QF_BV,cvc5::cvc5_bv_eager,0.0000,0.0000,,,0.0000,0.0000,,
data/suite_500/QF_BV/20221012-MCMPC/millionaires.t1.i31.ab853e6e.smt2,QF_BV,cvc5::cvc5_bv_eager,0.0000,0.0000,,,0.0000,0.0000,,
data/suite_500/QF_BV/20221012-MCMPC/millionaires.t1.i31.d2a3f686.smt2,QF_BV,cvc5::cvc5_bv_eager,0.0000,0.0000,,,0.0000,0.0000,,
data/suite_500/QF_BV/20221012-MCMPC/millionaires.t1.i32.2e123b56.smt2,QF_BV,z3::z3_bv_default,0.0000,0.0000,,,0.0000,0.0000,,
data/suite_500/QF_BV/20221012-MCMPC/millionaires.t1.i34.488c0590.smt2,QF_BV,cvc5::cvc5_bv_eager,0.0000,0.0000,,,0.0000,0.0000,,
data/suite_500/QF_BV/20221012-MCMPC/millionaires.t1.i39.a0619d1f.smt2,QF_BV,cvc5::cvc5_bv_eager,0.0000,0.0000,,,0.0000,0.0000,,
data/suite_500/QF_BV/20221012-MCMPC/millionaires.t1.i40.ff1613dd.smt2,QF_BV,cvc5::cvc5_bv_eager,0.0000,0.0000,,,0.0000,0.0000,,
data/suite_500/QF_BV/20221012-MCMPC/millionaires.t1.i59.ee8bfec0.smt2,QF_BV,z3::z3_bv_default,0.0000,0.0000,,,0.0000,0.0000,,
data/suite_500/QF_BV/20221012-MCMPC/millionaires.t1.i63.072b5d30.smt2,QF_BV,z3::z3_bv_default,0.0000,0.0000,,,0.0000,0.0000,,
data/suite_500/QF_BV/20221012-MCMPC/simplemean.t1.i6.351a4d7f.smt2,QF_BV,cvc5::cvc5_bv_eager,0.0000,0.0000,,,0.0000,0.0000,,
data/suite_500/QF_BV/20221012-MCMPC/sugarbeets.t1.i24.aceb45ad.smt2,QF_BV,z3::z3_bv_eager,0.0000,0.0000,,,0.0000,0.0000,,
data/suite_500/QF_BV/20221012-MCMPC/wage.t1.i28.0317f095.smt2,QF_BV,z3::z3_bv_default,0.0000,0.0000,,,0.0000,0.0000,,
data/suite_500/QF_BV/20221012-MCMPC/wage_circuit_div.t1.i30.9b49676c.smt2,QF_BV,z3::z3_bv_default,0.0000,0.0000,,,0.0000,0.0000,,
data/suite_500/QF_BV/Sage2/bench_10190.smt2,QF_BV,cvc5::cvc5_bv_default,0.0000,0.0000,,,0.0000,0.0000,,
data/suite_500/QF_BV/Sage2/bench_10357.smt2,QF_BV,z3::z3_bv_default,0.0000,0.0000,,,0.0000,0.0000,,
data/suite_500/QF_BV/Sage2/bench_10606.smt2,QF_BV,z3::z3_bv_default,0.0000,0.0000,,,0.0000,0.0000,,
data/suite_500/QF_BV/Sage2/bench_11670.smt2,QF_BV,z3::z3_bv_eager,0.0000,0.0000,,,0.0000,0.0000,,
data/suite_500/QF_BV/Sage2/bench_12560.smt2,QF_BV,cvc5::cvc5_bv_default,0.0000,0.0000,,,0.0000,0.0000,,
data/suite_500/QF_BV/Sage2/bench_13236.smt2,QF_BV,z3::z3_bv_default,0.0000,0.0000,,,0.0000,0.0000,,
data/suite_500/QF_BV/Sage2/bench_14307.smt2,QF_BV,z3::z3_bv_default,0.0000,0.0000,,,0.0000,0.0000,,
data/suite_500/QF_BV/Sage2/bench_14875.smt2,QF_BV,z3::z3_bv_eager,0.0000,0.0000,,,0.0000,0.0000,,
data/suite_500/QF_BV/Sage2/bench_14914.smt2,QF_BV,cvc5::cvc5_bv_eager,0.0000,0.0000,,,0.0000,0.0000,,
data/suite_500/QF_BV/Sage2/bench_15268.smt2,QF_BV,z3::z3_bv_eager,0.0000,0.0000,,,0.0000,0.0000,,
data/suite_500/QF_BV/Sage2/bench_15631.smt2,QF_BV,cvc5::cvc5_bv_eager,0.0000,0.0000,,,0.0000,0.0000,,
data/suite_500/QF_BV/Sage2/bench_15975.smt2,QF_BV,z3::z3_bv_default,0.0000,0.0000,,,0.0000,0.0000,,
data/suite_500/QF_BV/Sage2/bench_17891.smt2,QF_BV,cvc5::cvc5_bv_eager,0.0000,0.0000,,,0.0000,0.0000,,
data/suite_500/QF_BV/Sage2/bench_2117.smt2,QF_BV,cvc5::cvc5_bv_default,0.0000,0.0000,,,0.0000,0.0000,,
data/suite_500/QF_BV/Sage2/bench_2578.smt2,QF_BV,z3::z3_bv_eager,0.0000,0.0000,,,0.0000,0.0000,,
data/suite_500/QF_BV/Sage2/bench_2616.smt2,QF_BV,cvc5::cvc5_bv_default,0.0000,0.0000,,,0.0000,0.0000,,
data/suite_500/QF_BV/Sage2/bench_2653.smt2,QF_BV,cvc5::cvc5_bv_default,0.0000,0.0000,,,0.0000,0.0000,,
data/suite_500/QF_BV/Sage2/bench_3397.smt2,QF_BV,cvc5::cvc5_bv_eager,0.0000,0.0000,,,0.0000,0.0000,,
data/suite_500/QF_BV/Sage2/bench_5496.smt2,QF_BV,z3::z3_bv_eager,0.0000,0.0000,,,0.0000,0.0000,,
data/suite_500/QF_BV/Sage2/bench_7739.smt2,QF_BV,z3::z3_bv_eager,0.0000,0.0000,,,0.0000,0.0000,,
data/suite_500/QF_BV/Sage2/bench_7792.smt2,QF_BV,cvc5::cvc5_bv_default,0.0000,0.0000,,,0.0000,0.0000,,
data/suite_500/QF_BV/Sage2/bench_8380.smt2,QF_BV,z3::z3_bv_eager,0.0000,0.0000,,,0.0000,0.0000,,
data/suite_500/QF_BV/Sage2/bench_8888.smt2,QF_BV,z3::z3_bv_eager,0.0000,0.0000,,,0.0000,0.0000,,
data/suite_500/QF_BV/Sage2/bench_9396.smt2,QF_BV,z3::z3_bv_default,0.0000,0.0000,,,0.0000,0.0000,,
data/suite_500/QF_BV/Sage2/bench_9833.smt2,QF_BV,cvc5::cvc5_bv_eager,0.0000,0.0000,,,0.0000,0.0000,,
data/suite_500/QF_BV/asp/15.6.schur.lp.smt2,QF_BV,z3::z3_bv_eager,0.0000,0.0000,,,0.0000,0.0000,,
data/suite_500/QF_BV/asp/156.48.1960.36.1721259656.dat.smt2,QF_BV,z3::z3_bv_eager,0.0000,0.0000,,,0.0000,0.0000,,
data/suite_500/QF_BV/asp/156.48.1960.36.1721315836.dat.smt2,QF_BV,z3::z3_bv_eager,0.0000,0.0000,,,0.0000,0.0000,,
data/suite_500/QF_BV/asp/156.48.1960.36.1721327521.dat.smt2,QF_BV,z3::z3_bv_default,0.0000,0.0000,,,0.0000,0.0000,,
data/suite_500/QF_BV/asp/20.11.schur.lp.smt2,QF_BV,z3::z3_bv_eager,0.0000,0.0000,,,0.0000,0.0000,,
data/suite_500/QF_BV/asp/disjunctiveScheduling.in8.smt2,QF_BV,cvc5::cvc5_bv_default,0.0000,0.0000,,,0.0000,0.0000,,
data/suite_500/QF_BV/asp/duthen-990602.37.steps.13.asp.smt2,QF_BV,z3::z3_bv_eager,0.0000,0.0000,,,0.0000,0.0000,,
data/suite_500/QF_BV/asp/duthen-990602.57.steps.15.asp.smt2,QF_BV,z3::z3_bv_eager,0.0000,0.0000,,,0.0000,0.0000,,
data/suite_500/QF_BV/asp/edge-matching-width=10-height=10-colours=12.smt2,QF_BV,cvc5::cvc5_bv_eager,0.0000,0.0000,,,0.0000,0.0000,,
data/suite_500/QF_BV/asp/edge-matching-width=10-height=10-colours=9.smt2,QF_BV,cvc5::cvc5_bv_eager,0.0000,0.0000,,,0.0000,0.0000,,
data/suite_500/QF_BV/asp/graph-colouring-nodes=130-density=0.1-instance=10.smt2,QF_BV,z3::z3_bv_default,0.0000,0.0000,,,0.0000,0.0000,,
data/suite_500/QF_BV/asp/graph-colouring-nodes=145-density=0.1-instance=7.smt2,QF_BV,z3::z3_bv_default,0.0000,0.0000,,,0.0000,0.0000,,
data/suite_500/QF_BV/asp/graph-colouring-nodes=150-density=0.1-instance=10.smt2,QF_BV,z3::z3_bv_default,0.0000,0.0000,,,0.0000,0.0000,,
data/suite_500/QF_BV/asp/gryzzles.15.lp.smt2,QF_BV,z3::z3_bv_eager,0.0000,0.0000,,,0.0000,0.0000,,
data/suite_500/QF_BV/asp/gryzzles.20.lp.smt2,QF_BV,z3::z3_bv_eager,0.0000,0.0000,,,0.0000,0.0000,,
data/suite_500/QF_BV/asp/knightTour.in10.smt2,QF_BV,cvc5::cvc5_bv_default,0.0000,0.0000,,,0.0000,0.0000,,
data/suite_500/QF_BV/asp/laby_21_21_07.lp.smt2,QF_BV,cvc5::cvc5_bv_default,0.0000,0.0000,,,0.0000,0.0000,,
data/suite_500/QF_BV/asp/maze-generation-width=16-height=16-density=0.01-run=4.smt2,QF_BV,cvc5::cvc5_bv_eager,0.0000,0.0000,,,0.0000,0.0000,,
data/suite_500/QF_BV/asp/penrose.34.asp.smt2,QF_BV,z3::z3_bv_default,0.0000,0.0000,,,0.0000,0.0000,,
data/suite_500/QF_BV/asp/rand_15_75_1235849326_0_k=3_v=7_e=20_unsat.gph.smt2,QF_BV,z3::z3_bv_default,0.0000,0.0000,,,0.0000,0.0000,,
data/suite_500/QF_BV/asp/rand_70_250_1235844252_0_k=13_sat.gph.smt2,QF_BV,cvc5::cvc5_bv_eager,0.0000,0.0000,,,0.0000,0.0000,,
data/suite_500/QF_BV/asp/rand_80_500_1235848939_0_k=6_unsat.gph.smt2,QF_BV,cvc5::cvc5_bv_eager,0.0000,0.0000,,,0.0000,0.0000,,
data/suite_500/QF_BV/asp/solitaire-center-time=32.smt2,QF_BV,cvc5::cvc5_bv_eager,0.0000,0.0000,,,0.0000,0.0000,,
data/suite_500/QF_BV/asp/wire.10.x.10.b.5.a.20_unsat.data.smt2,QF_BV,z3::z3_bv_eager,0.0000,0.0000,,,0.0000,0.0000,,
data/suite_500/QF_BV/asp/xy.12.x.12.r.4.274529373.784913.data_k=4_l=4_sat.gph.smt2,QF_BV,cvc5::cvc5_bv_default,0.0000,0.0000,,,0.0000,0.0000,,
data/suite_500/QF_BV/bruttomesso/ext_con_008_001_0064.smt2,QF_BV,z3::z3_bv_eager,0.0000,0.0000,,,0.0000,0.0000,,
data/suite_500/QF_BV/bruttomesso/ext_con_008_016_1024.smt2,QF_BV,cvc5::cvc5_bv_eager,0.0000,0.0000,,,0.0000,0.0000,,
data/suite_500/QF_BV/bruttomesso/ext_con_016_256_1024.smt2,QF_BV,z3::z3_bv_eager,0.0000,0.0000,,,0.0000,0.0000,,
data/suite_500/QF_BV/bruttomesso/ext_con_020_004_1024.smt2,QF_BV,cvc5::cvc5_bv_eager,0.0000,0.0000,,,0.0000,0.0000,,
data/suite_500/QF_BV/bruttomesso/ext_con_028_008_0512.smt2,QF_BV,cvc5::cvc5_bv_eager,0.0000,0.0000,,,0.0000,0.0000,,
data/suite_500/QF_BV/bruttomesso/ext_con_032_008_0128.smt2,QF_BV,cvc5::cvc5_bv_eager,0.0000,0.0000,,,0.0000,0.0000,,
data/suite_500/QF_BV/bruttomesso/ext_con_032_032_0256.smt2,QF_BV,z3::z3_bv_default,0.0000,0.0000,,,0.0000,0.0000,,
data/suite_500/QF_BV/bruttomesso/ext_con_032_128_0512.smt2,QF_BV,z3::z3_bv_eager,0.0000,0.0000,,,0.0000,0.0000,,
data/suite_500/QF_BV/bruttomesso/ext_con_036_004_1024.smt2,QF_BV,cvc5::cvc5_bv_default,0.0000,0.0000,,,0.0000,0.0000,,
data/suite_500/QF_BV/bruttomesso/ext_con_040_002_0016.smt2,QF_BV,cvc5::cvc5_bv_default,0.0000,0.0000,,,0.0000,0.0000,,
data/suite_500/QF_BV/bruttomesso/ext_con_044_004_0128.smt2,QF_BV,cvc5::cvc5_bv_default,0.0000,0.0000,,,0.0000,0.0000,,
data/suite_500/QF_BV/bruttomesso/ext_con_044_128_0512.smt2,QF_BV,z3::z3_bv_eager,0.0000,0.0000,,,0.0000,0.0000,,
data/suite_500/QF_BV/bruttomesso/ext_con_048_002_0032.smt2,QF_BV,cvc5::cvc5_bv_eager,0.0000,0.0000,,,0.0000,0.0000,,
data/suite_500/QF_BV/bruttomesso/ext_con_048_002_0256.smt2,QF_BV,cvc5::cvc5_bv_eager,0.0000,0.0000,,,0.0000,0.0000,,
data/suite_500/QF_BV/bruttomesso/ext_con_048_064_1024.smt2,QF_BV,z3::z3_bv_eager,0.0000,0.0000,,,0.0000,0.0000,,
data/suite_500/QF_BV/bruttomesso/ext_con_064_008_0128.smt2,QF_BV,z3::z3_bv_default,0.0000,0.0000,,,0.0000,0.0000,,
data/suite_500/QF_BV/bruttomesso/ext_con_064_032_0512.smt2,QF_BV,z3::z3_bv_eager,0.0000,0.0000,,,0.0000,0.0000,,
data/suite_500/QF_BV/bruttomesso/lfsr_004_079_048.smt2,QF_BV,z3::z3_bv_eager,0.0000,0.0000,,,0.0000,0.0000,,
data/suite_500/QF_BV/bruttomesso/lfsr_008_015_048.smt2,QF_BV,z3::z3_bv_default,0.0000,0.0000,,,0.0000,0.0000,,
data/suite_500/QF_BV/bruttomesso/lfsr_008_031_096.smt2,QF_BV,z3::z3_bv_eager,0.0000,0.0000,,,0.0000,0.0000,,
data/suite_500/QF_BV/bruttomesso/lfsr_008_111_032.smt2,QF_BV,z3::z3_bv_eager,0.0000,0.0000,,,0.0000,0.0000,,
data/suite_500/QF_BV/bruttomesso/lfsr_008_111_096.smt2,QF_BV,z3::z3_bv_eager,0.0000,0.0000,,,0.0000,0.0000,,
data/suite_500/QF_BV/bruttomesso/lfsr_008_127_064.smt2,QF_BV,z3::z3_bv_eager,0.0000,0.0000,,,0.0000,0.0000,,
data/suite_500/QF_BV/bruttomesso/simple_processors_008_002_0032.smt2,QF_BV,cvc5::cvc5_bv_default,0.0000,0.0000,,,0.0000,0.0000,,
data/suite_500/QF_BV/bruttomesso/simple_processors_008_008_0004.smt2,QF_BV,z3::z3_bv_eager,0.0000,0.0000,,,0.0000,0.0000,,
data/suite_500/QF_BV/sage/bench_1010.smt2,QF_BV,z3::z3_bv_default,0.0000,0.0000,,,0.0000,0.0000,,
data/suite_500/QF_BV/sage/bench_1381.smt2,QF_BV,z3::z3_bv_eager,0.0000,0.0000,,,0.0000,0.0000,,
data/suite_500/QF_BV/sage/bench_1697.smt2,QF_BV,z3::z3_bv_default,0.0000,0.0000,,,0.0000,0.0000,,
data/suite_500/QF_BV/sage/bench_1840.smt2,QF_BV,z3::z3_bv_default,0.0000,0.0000,,,0.0000,0.0000,,
data/suite_500/QF_BV/sage/bench_2162.smt2,QF_BV,z3::z3_bv_default,0.0000,0.0000,,,0.0000,0.0000,,
data/suite_500/QF_BV/sage/bench_2400.smt2,QF_BV,z3::z3_bv_default,0.0000,0.0000,,,0.0000,0.0000,,
data/suite_500/QF_BV/sage/bench_2402.smt2,QF_BV,z3::z3_bv_default,0.0000,0.0000,,,0.0000,0.0000,,
data/suite_500/QF_BV/sage/bench_253.smt2,QF_BV,cvc5::cvc5_bv_default,0.0000,0.0000,,,0.0000,0.0000,,
data/suite_500/QF_BV/sage/bench_2599.smt2,QF_BV,z3::z3_bv_default,0.0000,0.0000,,,0.0000,0.0000,,
data/suite_500/QF_BV/sage/bench_2695.smt2,QF_BV,cvc5::cvc5_bv_default,0.0000,0.0000,,,0.0000,0.0000,,
data/suite_500/QF_BV/sage/bench_2884.smt2,QF_BV,z3::z3_bv_default,0.0000,0.0000,,,0.0000,0.0000,,
data/suite_500/QF_BV/sage/bench_307.smt2,QF_BV,z3::z3_bv_default,0.0000,0.0000,,,0.0000,0.0000,,
data/suite_500/QF_BV/sage/bench_3072.smt2,QF_BV,z3::z3_bv_default,0.0000,0.0000,,,0.0000,0.0000,,
data/suite_500/QF_BV/sage/bench_3369.smt2,QF_BV,z3::z3_bv_default,0.0000,0.0000,,,0.0000,0.0000,,
data/suite_500/QF_BV/sage/bench_344.smt2,QF_BV,cvc5::cvc5_bv_eager,0.0000,0.0000,,,0.0000,0.0000,,
data/suite_500/QF_BV/sage/bench_4719.smt2,QF_BV,z3::z3_bv_eager,0.0000,0.0000,,,0.0000,0.0000,,
data/suite_500/QF_BV/sage/bench_540.smt2,QF_BV,z3::z3_bv_default,0.0000,0.0000,,,0.0000,0.0000,,
data/suite_500/QF_BV/sage/bench_5829.smt2,QF_BV,z3::z3_bv_default,0.0000,0.0000,,,0.0000,0.0000,,
data/suite_500/QF_BV/sage/bench_6484.smt2,QF_BV,z3::z3_bv_default,0.0000,0.0000,,,0.0000,0.0000,,
data/suite_500/QF_BV/sage/bench_654.smt2,QF_BV,cvc5::cvc5_bv_default,0.0000,0.0000,,,0.0000,0.0000,,
data/suite_500/QF_BV/sage/bench_6658.smt2,QF_BV,z3::z3_bv_default,0.0000,0.0000,,,0.0000,0.0000,,
data/suite_500/QF_BV/sage/bench_6839.smt2,QF_BV,z3::z3_bv_default,0.0000,0.0000,,,0.0000,0.0000,,
data/suite_500/QF_BV/sage/bench_734.smt2,QF_BV,z3::z3_bv_default,0.0000,0.0000,,,0.0000,0.0000,,
data/suite_500/QF_BV/sage/bench_7842.smt2,QF_BV,z3::z3_bv_default,0.0000,0.0000,,,0.0000,0.0000,,
data/suite_500/QF_BV/sage/bench_8024.smt2,QF_BV,z3::z3_bv_default,0.0000,0.0000,,,0.0000,0.0000,,
data/suite_500/QF_BV/spear/bin_eventlogadm_vc331114.smt2,QF_BV,z3::z3_bv_eager,0.0000,0.0000,,,0.0000,0.0000,,
data/suite_500/QF_BV/spear/bin_eventlogadm_vc331116.smt2,QF_BV,z3::z3_bv_eager,0.0000,0.0000,,,0.0000,0.0000,,
data/suite_500/QF_BV/spear/bin_eventlogadm_vc331165.smt2,QF_BV,z3::z3_bv_eager,0.0000,0.0000,,,0.0000,0.0000,,
data/suite_500/QF_BV/spear/bin_eventlogadm_vc334890.smt2,QF_BV,z3::z3_bv_default,0.0000,0.0000,,,0.0000,0.0000,,
data/suite_500/QF_BV/spear/bin_eventlogadm_vc351363.smt2,QF_BV,z3::z3_bv_default,0.0000,0.0000,,,0.0000,0.0000,,
data/suite_500/QF_BV/spear/bin_eventlogadm_vc352379.smt2,QF_BV,z3::z3_bv_default,0.0000,0.0000,,,0.0000,0.0000,,
data/suite_500/QF_BV/spear/bin_eventlogadm_vc352861.smt2,QF_BV,z3::z3_bv_default,0.0000,0.0000,,,0.0000,0.0000,,
data/suite_500/QF_BV/spear/bin_libmsrpc_vc1225263.smt2,QF_BV,z3::z3_bv_eager,0.0000,0.0000,,,0.0000,0.0000,,
data/suite_500/QF_BV/spear/bin_libmsrpc_vc1225723.smt2,QF_BV,z3::z3_bv_default,0.0000,0.0000,,,0.0000,0.0000,,
data/suite_500/QF_BV/spear/bin_libmsrpc_vc1228427.smt2,QF_BV,z3::z3_bv_eager,0.0000,0.0000,,,0.0000,0.0000,,
data/suite_500/QF_BV/spear/bin_libsmbclient_vc1228439.smt2,QF_BV,z3::z3_bv_default,0.0000,0.0000,,,0.0000,0.0000,,
data/suite_500/QF_BV/spear/bin_libsmbclient_vc1228512.smt2,QF_BV,z3::z3_bv_default,0.0000,0.0000,,,0.0000,0.0000,,
data/suite_500/QF_BV/spear/bin_libsmbsharemodes_vc4284.smt2,QF_BV,z3::z3_bv_default,0.0000,0.0000,,,0.0000,0.0000,,
data/suite_500/QF_BV/spear/bin_libsmbsharemodes_vc4288.smt2,QF_BV,z3::z3_bv_default,0.0000,0.0000,,,0.0000,0.0000,,
data/suite_500/QF_BV/spear/bin_libsmbsharemodes_vc4778.smt2,QF_BV,z3::z3_bv_default,0.0000,0.0000,,,0.0000,0.0000,,
data/suite_500/QF_BV/spear/bin_libsmbsharemodes_vc6229.smt2,QF_BV,z3::z3_bv_default,0.0000,0.0000,,,0.0000,0.0000,,
data/suite_500/QF_BV/spear/bin_libsmbsharemodes_vc6348.smt2,QF_BV,z3::z3_bv_eager,0.0000,0.0000,,,0.0000,0.0000,,
data/suite_500/QF_BV/spear/bin_libsmbsharemodes_vc7074.smt2,QF_BV,z3::z3_bv_default,0.0000,0.0000,,,0.0000,0.0000,,
data/suite_500/QF_BV/spear/bin_libsmbsharemodes_vc7120.smt2,QF_BV,z3::z3_bv_eager,0.0000,0.0000,,,0.0000,0.0000,,
data/suite_500/QF_BV/spear/cvs_vc105353.smt2,QF_BV,z3::z3_bv_default,0.0000,0.0000,,,0.0000,0.0000,,
data/suite_500/QF_BV/spear/innd_innd_vc33354.smt2,QF_BV,z3::z3_bv_default,0.0000,0.0000,,,0.0000,0.0000,,
data/suite_500/QF_BV/spear/innd_innd_vc33369.smt2,QF_BV,cvc5::cvc5_bv_default,0.0000,0.0000,,,0.0000,0.0000,,
data/suite_500/QF_BV/spear/innfeed_imapfeed_vc24636.smt2,QF_BV,z3::z3_bv_default,0.0000,0.0000,,,0.0000,0.0000,,
data/suite_500/QF_BV/spear/nnrpd_nnrpd_vc21034.smt2,QF_BV,cvc5::cvc5_bv_default,0.0000,0.0000,,,0.0000,0.0000,,
data/suite_500/QF_BV/spear/nnrpd_nnrpd_vc21242.smt2,QF_BV,cvc5::cvc5_bv_default,0.0000,0.0000,,,0.0000,0.0000,,
data/suite_500/QF_BV/stp_samples/run_00000.trace.cond_017461_0x95026e6_00.smt2,QF_BV,cvc5::cvc5_bv_default,0.0000,0.0000,,,0.0000,0.0000,,
data/suite_500/QF_BV/stp_samples/run_00000.trace.cond_018783_0x950130a_00.smt2,QF_BV,cvc5::cvc5_bv_default,0.0000,0.0000,,,0.0000,0.0000,,
data/suite_500/QF_BV/stp_samples/run_00000.trace.cond_285182_0xe7af5e_00.smt2,QF_BV,cvc5::cvc5_bv_default,0.0000,0.0000,,,0.0000,0.0000,,
data/suite_500/QF_BV/stp_samples/run_00007.trace.Alloc_large__009910.smt2,QF_BV,z3::z3_bv_default,0.0000,0.0000,,,0.0000,0.0000,,
data/suite_500/QF_BV/stp_samples/run_03230.trace.cond_011941_0x4182de_00.smt2,QF_BV,cvc5::cvc5_bv_default,0.0000,0.0000,,,0.0000,0.0000,,
data/suite_500/QF_BV/stp_samples/run_03230.trace.cond_012193_0x4182de_00.smt2,QF_BV,cvc5::cvc5_bv_eager,0.0000,0.0000,,,0.0000,0.0000,,
data/suite_500/QF_BV/stp_samples/run_03230.trace.cond_025600_0x41821d_00.smt2,QF_BV,cvc5::cvc5_bv_eager,0.0000,0.0000,,,0.0000,0.0000,,
data/suite_500/QF_BV/stp_samples/run_03230.trace.cond_025619_0x41821d_00.smt2,QF_BV,cvc5::cvc5_bv_eager,0.0000,0.0000,,,0.0000,0.0000,,
data/suite_500/QF_BV/stp_samples/run_03230.trace.cond_025633_0x418209_00.smt2,QF_BV,cvc5::cvc5_bv_eager,0.0000,0.0000,,,0.0000,0.0000,,
data/suite_500/QF_BV/stp_samples/run_03230.trace.cond_026260_0x41821d_00.smt2,QF_BV,cvc5::cvc5_bv_eager,0.0000,0.0000,,,0.0000,0.0000,,
data/suite_500/QF_BV/stp_samples/run_03230.trace.cond_026524_0x4181f2_00.smt2,QF_BV,cvc5::cvc5_bv_eager,0.0000,0.0000,,,0.0000,0.0000,,
data/suite_500/QF_BV/stp_samples/run_03230.trace.cond_026584_0x41821d_00.smt2,QF_BV,cvc5::cvc5_bv_eager,0.0000,0.0000,,,0.0000,0.0000,,
data/suite_500/QF_BV/stp_samples/run_03230.trace.cond_028784_0x4183dc_00.smt2,QF_BV,cvc5::cvc5_bv_default,0.0000,0.0000,,,0.0000,0.0000,,
data/suite_500/QF_BV/stp_samples/run_03230.trace.cond_028808_0x4183e1_00.smt2,QF_BV,cvc5::cvc5_bv_default,0.0000,0.0000,,,0.0000,0.0000,,
data/suite_500/QF_BV/stp_samples/run_03230.trace.cond_028876_0x4183e1_00.smt2,QF_BV,cvc5::cvc5_bv_default,0.0000,0.0000,,,0.0000,0.0000,,
data/suite_500/QF_BV/stp_samples/run_03230.trace.cond_028931_0x4183c4_00.smt2,QF_BV,cvc5::cvc5_bv_default,0.0000,0.0000,,,0.0000,0.0000,,
data/suite_500/QF_BV/stp_samples/run_03230.trace.cond_029028_0x4183d2_00.smt2,QF_BV,cvc5::cvc5_bv_default,0.0000,0.0000,,,0.0000,0.0000,,
data/suite_500/QF_BV/stp_samples/run_03230.trace.cond_029056_0x4183e1_00.smt2,QF_BV,cvc5::cvc5_bv_default,0.0000,0.0000,,,0.0000,0.0000,,
data/suite_500/QF_BV/stp_samples/run_03230.trace.cond_029120_0x4183d7_00.smt2,QF_BV,cvc5::cvc5_bv_default,0.0000,0.0000,,,0.0000,0.0000,,
data/suite_500/QF_BV/stp_samples/run_03230.trace.cond_029122_0x4183dc_00.smt2,QF_BV,cvc5::cvc5_bv_default,0.0000,0.0000,,,0.0000,0.0000,,
data/suite_500/QF_BV/stp_samples/run_03230.trace.cond_029124_0x4183e1_00.smt2,QF_BV,cvc5::cvc5_bv_default,0.0000,0.0000,,,0.0000,0.0000,,
data/suite_500/QF_BV/stp_samples/run_03230.trace.cond_029168_0x4183e1_00.smt2,QF_BV,cvc5::cvc5_bv_default,0.0000,0.0000,,,0.0000,0.0000,,
data/suite_500/QF_BV/stp_samples/run_03230.trace.cond_030264_0x41821d_00.smt2,QF_BV,cvc5::cvc5_bv_default,0.0000,0.0000,,,0.0000,0.0000,,
data/suite_500/QF_BV/stp_samples/run_03230.trace.cond_030302_0x4181f2_00.smt2,QF_BV,cvc5::cvc5_bv_default,0.0000,0.0000,,,0.0000,0.0000,,
data/suite_500/QF_BV/stp_samples/run_03230.trace.cond_030422_0x41821d_00.smt2,QF_BV,cvc5::cvc5_bv_default,0.0000,0.0000,,,0.0000,0.0000,,
data/suite_500/QF_BV/uclid/convert-jpg2gif-query-1150.smt2,QF_BV,z3::z3_bv_default,0.0000,0.0000,,,0.0000,0.0000,,
data/suite_500/QF_BV/uclid/convert-jpg2gif-query-1167.smt2,QF_BV,z3::z3_bv_default,0.0000,0.0000,,,0.0000,0.0000,,
data/suite_500/QF_BV/uclid/convert-jpg2gif-query-1185.smt2,QF_BV,z3::z3_bv_default,0.0000,0.0000,,,0.0000,0.0000,,
data/suite_500/QF_BV/uclid/convert-jpg2gif-query-1196.smt2,QF_BV,z3::z3_bv_default,0.0000,0.0000,,,0.0000,0.0000,,
data/suite_500/QF_BV/uclid/convert-jpg2gif-query-1203.smt2,QF_BV,z3::z3_bv_default,0.0000,0.0000,,,0.0000,0.0000,,
data/suite_500/QF_BV/uclid/convert-jpg2gif-query-1222.smt2,QF_BV,z3::z3_bv_default,0.0000,0.0000,,,0.0000,0.0000,,
data/suite_500/QF_BV/uclid/convert-jpg2gif-query-1230.smt2,QF_BV,z3::z3_bv_default,0.0000,0.0000,,,0.0000,0.0000,,
data/suite_500/QF_BV/uclid/convert-jpg2gif-query-1233.smt2,QF_BV,z3::z3_bv_default,0.0000,0.0000,,,0.0000,0.0000,,
data/suite_500/QF_BV/uclid/convert-jpg2gif-query-1328.smt2,QF_BV,z3::z3_bv_default,0.0000,0.0000,,,0.0000,0.0000,,
data/suite_500/QF_BV/uclid/convert-jpg2gif-query-1356.smt2,QF_BV,z3::z3_bv_default,0.0000,0.0000,,,0.0000,0.0000,,
data/suite_500/QF_BV/uclid/convert-jpg2gif-query-1368.smt2,QF_BV,z3::z3_bv_default,0.0000,0.0000,,,0.0000,0.0000,,
data/suite_500/QF_BV/uclid/convert-jpg2gif-query-1382.smt2,QF_BV,z3::z3_bv_default,0.0000,0.0000,,,0.0000,0.0000,,
data/suite_500/QF_BV/uclid/convert-jpg2gif-query-1392.smt2,QF_BV,z3::z3_bv_default,0.0000,0.0000,,,0.0000,0.0000,,
data/suite_500/QF_BV/uclid/convert-jpg2gif-query-1456.smt2,QF_BV,z3::z3_bv_default,0.0000,0.0000,,,0.0000,0.0000,,
data/suite_500/QF_BV/uclid/convert-jpg2gif-query-1491.smt2,QF_BV,z3::z3_bv_default,0.0000,0.0000,,,0.0000,0.0000,,
data/suite_500/QF_BV/uclid/convert-jpg2gif-query-1499.smt2,QF_BV,z3::z3_bv_default,0.0000,0.0000,,,0.0000,0.0000,,
data/suite_500/QF_BV/uclid/convert-jpg2gif-query-1505.smt2,QF_BV,z3::z3_bv_default,0.0000,0.0000,,,0.0000,0.0000,,
data/suite_500/QF_BV/uclid/convert-jpg2gif-query-1507.smt2,QF_BV,z3::z3_bv_default,0.0000,0.0000,,,0.0000,0.0000,,
data/suite_500/QF_BV/uclid/convert-jpg2gif-query-1518.smt2,QF_BV,z3::z3_bv_default,0.0000,0.0000,,,0.0000,0.0000,,
data/suite_500/QF_BV/uclid/convert-jpg2gif-query-1533.smt2,QF_BV,z3::z3_bv_default,0.0000,0.0000,,,0.0000,0.0000,,
data/suite_500/QF_BV/uclid/convert-jpg2gif-query-1590.smt2,QF_BV,z3::z3_bv_default,0.0000,0.0000,,,0.0000,0.0000,,
data/suite_500/QF_BV/uclid/convert-jpg2gif-query-1613.smt2,QF_BV,z3::z3_bv_default,0.0000,0.0000,,,0.0000,0.0000,,
data/suite_500/QF_BV/uclid/convert-jpg2gif-query-1675.smt2,QF_BV,z3::z3_bv_default,0.0000,0.0000,,,0.0000,0.0000,,
data/suite_500/QF_BV/uclid/convert-jpg2gif-query-2138.smt2,QF_BV,z3::z3_bv_default,0.0000,0.0000,,,0.0000,0.0000,,
data/suite_500/QF_BV/uclid/convert-tiff2jpg-query-1831.smt2,QF_BV,z3::z3_bv_default,0.0000,0.0000,,,0.0000,0.0000,,
data/suite_500/QF_LIA/20180326-Bromberger/cut_lemma_01_007.smt2.slack.smt2,QF_LIA,z3::z3_lia_arith,,,0.1276,0.1173,,,0.4021,0.3530
data/suite_500/QF_LIA/20180326-Bromberger/cut_lemma_02_006.smt2.slack.smt2,QF_LIA,z3::z3_lia_arith,,,0.0720,0.0628,,,0.4920,0.3732
data/suite_500/QF_LIA/20180326-Bromberger/cut_lemma_02_008.smt2.slack.smt2,QF_LIA,z3::z3_lia_arith,,,0.0738,0.0679,,,0.5050,0.3533
data/suite_500/QF_LIA/20180326-Bromberger/cut_lemma_03_007.smt2.slack.smt2,QF_LIA,z3::z3_lia_arith,,,0.0960,0.0906,,,0.5858,0.2276
data/suite_500/QF_LIA/20180326-Bromberger/unbd-sage11.smt2,QF_LIA,z3::z3_lia_default,,,0.1367,0.1113,,,0.1374,0.6147
data/suite_500/QF_LIA/20180326-Bromberger/unbd-sage22.smt2,QF_LIA,z3::z3_lia_arith,,,0.2388,0.1545,,,0.4498,0.1570
data/suite_500/QF_LIA/20180326-Bromberger/unbd-sage9.smt2,QF_LIA,z3::z3_lia_default,,,0.1358,0.1168,,,0.1365,0.6108
data/suite_500/QF_LIA/20180326-Bromberger/v10_problem_2__012.smt2.slack.smt2,QF_LIA,z3::z3_lia_default,,,0.2186,0.1188,,,0.3031,0.3595
data/suite_500/QF_LIA/20180326-Bromberger/v10_problem_2__033.smt2.slack.smt2,QF_LIA,z3::z3_lia_default,,,0.2328,0.1588,,,0.2229,0.3855
data/suite_500/QF_LIA/20180326-Bromberger/v15_problem_2__005.smt2.slack.smt2,QF_LIA,z3::z3_lia_arith,,,0.0986,0.1164,,,0.4489,0.3360
data/suite_500/QF_LIA/20180326-Bromberger/v20_problem__012.smt2.slack.smt2,QF_LIA,z3::z3_lia_default,,,0.2195,0.1228,,,0.2902,0.3675
data/suite_500/QF_LIA/20180326-Bromberger/v20_problem__022.smt2.slack.smt2,QF_LIA,z3::z3_lia_default,,,0.2089,0.1622,,,0.1844,0.4445
data/suite_500/QF_LIA/20180326-Bromberger/v20_problem__027.smt2.slack.smt2,QF_LIA,z3::z3_lia_default,,,0.1893,0.1911,,,0.1607,0.4589
data/suite_500/QF_LIA/20180326-Bromberger/v25_problem_2__017.smt2.slack.smt2,QF_LIA,z3::z3_lia_default,,,0.2534,0.1969,,,0.1202,0.4295
data/suite_500/QF_LIA/20180326-Bromberger/v25_problem_2__032.smt2.slack.smt2,QF_LIA,z3::z3_lia_default,,,0.1612,0.1488,,,0.1817,0.5082
data/suite_500/QF_LIA/20180326-Bromberger/v30_problem_2__022.smt2.slack.smt2,QF_LIA,z3::z3_lia_default,,,0.2091,0.1957,,,0.1346,0.4606
data/suite_500/QF_LIA/20180326-Bromberger/v30_problem__025.smt2.slack.smt2,QF_LIA,z3::z3_lia_default,,,0.1228,0.1069,,,0.1384,0.6318
data/suite_500/QF_LIA/20180326-Bromberger/v30_problem__026.smt2.slack.smt2,QF_LIA,z3::z3_lia_default,,,0.1078,0.1478,,,0.1338,0.6106
data/suite_500/QF_LIA/20180326-Bromberger/v30_problem__033.smt2.slack.smt2,QF_LIA,z3::z3_lia_default,,,0.1073,0.1472,,,0.1374,0.6081
data/suite_500/QF_LIA/20180326-Bromberger/v35_problem_2__018.smt2.slack.smt2,QF_LIA,z3::z3_lia_default,,,0.1397,0.1811,,,0.1069,0.5722
data/suite_500/QF_LIA/20180326-Bromberger/v35_problem__014.smt2.slack.smt2,QF_LIA,z3::z3_lia_default,,,0.1705,0.1595,,,0.1764,0.4936
data/suite_500/QF_LIA/20180326-Bromberger/v35_problem__034.smt2.slack.smt2,QF_LIA,z3::z3_lia_default,,,0.1123,0.0951,,,0.1422,0.6504
data/suite_500/QF_LIA/20180326-Bromberger/v40_problem_2__022.smt2.slack.smt2,QF_LIA,z3::z3_lia_default,,,0.1872,0.1243,,,0.1466,0.5420
data/suite_500/QF_LIA/20180326-Bromberger/v45_problem_2__007.smt2.slack.smt2,QF_LIA,z3::z3_lia_default,,,0.2395,0.1634,,,0.1821,0.4151
data/suite_500/QF_LIA/20180326-Bromberger/v45_problem__015.smt2.slack.smt2,QF_LIA,z3::z3_lia_default,,,0.1457,0.1809,,,0.1673,0.5061
data/suite_500/QF_LIA/20220307-SMPT/RC-00.smt2,QF_LIA,cvc5::cvc5_lia_arith,,,0.3130,0.2500,,,0.2069,0.2302
data/suite_500/QF_LIA/20220307-SMPT/RC-01.smt2,QF_LIA,cvc5::cvc5_lia_default,,,0.2521,0.2606,,,0.2363,0.2510
data/suite_500/QF_LIA/20220307-SMPT/RC-03.smt2,QF_LIA,cvc5::cvc5_lia_arith,,,0.3292,0.1489,,,0.2658,0.2561
data/suite_500/QF_LIA/20220307-SMPT/RC-05.smt2,QF_LIA,cvc5::cvc5_lia_arith,,,0.3633,0.2144,,,0.1639,0.2583
data/suite_500/QF_LIA/20220307-SMPT/RC-07.smt2,QF_LIA,cvc5::cvc5_lia_arith,,,0.3154,0.1632,,,0.2548,0.2666
data/suite_500/QF_LIA/20220307-SMPT/RC-09.smt2,QF_LIA,z3::z3_lia_arith,,,0.2881,0.1700,,,0.3188,0.2231
data/suite_500/QF_LIA/20220307-SMPT/RC-09__3be6fd1cae.smt2,QF_LIA,z3::z3_lia_arith,,,0.2604,0.2517,,,0.2862,0.2016
data/suite_500/QF_LIA/20220307-SMPT/RC-10.smt2,QF_LIA,cvc5::cvc5_lia_arith,,,0.3615,0.2184,,,0.1631,0.2570
data/suite_500/QF_LIA/20220307-SMPT/RC-11.smt2,QF_LIA,cvc5::cvc5_lia_arith,,,0.2868,0.2391,,,0.2317,0.2424
data/suite_500/QF_LIA/20220307-SMPT/RC-12.smt2,QF_LIA,cvc5::cvc5_lia_arith,,,0.3632,0.2143,,,0.1642,0.2583
data/suite_500/QF_LIA/20220307-SMPT/RC-12__1647a8d548.smt2,QF_LIA,cvc5::cvc5_lia_arith,,,0.6168,0.3287,,,0.0462,0.0084
data/suite_500/QF_LIA/20220307-SMPT/RC-12__eeebeff87c.smt2,QF_LIA,cvc5::cvc5_lia_arith,,,0.3292,0.1489,,,0.2658,0.2561
data/suite_500/QF_LIA/20220307-SMPT/RF-01.smt2,QF_LIA,cvc5::cvc5_lia_arith,,,0.3508,0.2600,,,0.1480,0.2412
data/suite_500/QF_LIA/20220307-SMPT/RF-04.smt2,QF_LIA,z3::z3_lia_arith,,,0.2430,0.2386,,,0.2765,0.2419
data/suite_500/QF_LIA/20220307-SMPT/RF-04__ca2422e5d4.smt2,QF_LIA,cvc5::cvc5_lia_arith,,,0.2744,0.2287,,,0.2651,0.2319
data/suite_500/QF_LIA/20220307-SMPT/RF-05.smt2,QF_LIA,cvc5::cvc5_lia_arith,,,0.3583,0.2165,,,0.1616,0.2635
data/suite_500/QF_LIA/20220307-SMPT/RF-06.smt2,QF_LIA,cvc5::cvc5_lia_arith,,,0.2806,0.2111,,,0.2711,0.2372
data/suite_500/QF_LIA/20220307-SMPT/RF-08.smt2,QF_LIA,cvc5::cvc5_lia_arith,,,0.3232,0.2930,,,0.1461,0.2377
data/suite_500/QF_LIA/20220307-SMPT/RF-09.smt2,QF_LIA,cvc5::cvc5_lia_arith,,,0.3163,0.1322,,,0.3055,0.2460
data/suite_500/QF_LIA/20220307-SMPT/RF-10.smt2,QF_LIA,z3::z3_lia_arith,,,0.2480,0.2676,,,0.2744,0.2099
data/suite_500/QF_LIA/20220307-SMPT/RF-11.smt2,QF_LIA,cvc5::cvc5_lia_default,,,0.3062,0.3304,,,0.1381,0.2252
data/suite_500/QF_LIA/20220307-SMPT/RF-11__213a3150a5.smt2,QF_LIA,cvc5::cvc5_lia_arith,,,0.3670,0.2065,,,0.1656,0.2609
data/suite_500/QF_LIA/20220307-SMPT/RF-12.smt2,QF_LIA,cvc5::cvc5_lia_arith,,,0.2744,0.2287,,,0.2651,0.2319
data/suite_500/QF_LIA/20220307-SMPT/RF-14.smt2,QF_LIA,z3::z3_lia_arith,,,0.2480,0.2676,,,0.2744,0.2099
data/suite_500/QF_LIA/20220307-SMPT/RF-14__76bc7a066c.smt2,QF_LIA,cvc5::cvc5_lia_arith,,,0.3171,0.3065,,,0.1431,0.2333
data/suite_500/QF_LIA/CAV_2009_benchmarks/problem_2__004.smt2,QF_LIA,z3::z3_lia_arith,,,0.1470,0.1006,,,0.4168,0.3356
data/suite_500/QF_LIA/CAV_2009_benchmarks/problem_2__004__c5353620d5.smt2,QF_LIA,z3::z3_lia_arith,,,0.1583,0.1083,,,0.3743,0.3590
data/suite_500/QF_LIA/CAV_2009_benchmarks/problem_2__005.smt2,QF_LIA,z3::z3_lia_arith,,,0.1496,0.0867,,,0.4243,0.3393
data/suite_500/QF_LIA/CAV_2009_benchmarks/problem_2__009.smt2,QF_LIA,z3::z3_lia_arith,,,0.2510,0.2515,,,0.2638,0.2336
data/suite_500/QF_LIA/CAV_2009_benchmarks/problem_2__012.smt2,QF_LIA,cvc5::cvc5_lia_arith,,,0.3065,0.1395,,,0.2686,0.2853
data/suite_500/QF_LIA/CAV_2009_benchmarks/problem_2__014.smt2,QF_LIA,z3::z3_lia_arith,,,0.2510,0.2515,,,0.2638,0.2336
data/suite_500/QF_LIA/CAV_2009_benchmarks/problem_2__017.smt2,QF_LIA,z3::z3_lia_default,,,0.1764,0.0839,,,0.3397,0.4000
data/suite_500/QF_LIA/CAV_2009_benchmarks/problem_2__019.smt2,QF_LIA,cvc5::cvc5_lia_arith,,,0.2650,0.2561,,,0.2322,0.2467
data/suite_500/QF_LIA/CAV_2009_benchmarks/problem_2__021.smt2,QF_LIA,z3::z3_lia_default,,,0.1936,0.1106,,,0.3060,0.3899
data/suite_500/QF_LIA/CAV_2009_benchmarks/problem_2__027.smt2,QF_LIA,cvc5::cvc5_lia_arith,,,0.3227,0.1407,,,0.2153,0.3213
data/suite_500/QF_LIA/CAV_2009_benchmarks/problem_2__029.smt2,QF_LIA,cvc5::cvc5_lia_arith,,,0.3227,0.1407,,,0.2153,0.3213
data/suite_500/QF_LIA/CAV_2009_benchmarks/problem_2__032.smt2,QF_LIA,z3::z3_lia_default,,,0.1296,0.1075,,,0.3355,0.4274
data/suite_500/QF_LIA/CAV_2009_benchmarks/problem_2__032__2731284ecc.smt2,QF_LIA,z3::z3_lia_default,,,0.1249,0.1145,,,0.3234,0.4372
data/suite_500/QF_LIA/CAV_2009_benchmarks/problem__001.smt2,QF_LIA,cvc5::cvc5_lia_arith,,,0.2693,0.2441,,,0.2360,0.2506
data/suite_500/QF_LIA/CAV_2009_benchmarks/problem__002.smt2,QF_LIA,z3::z3_lia_default,,,0.1607,0.0996,,,0.3627,0.3770
data/suite_500/QF_LIA/CAV_2009_benchmarks/problem__003.smt2,QF_LIA,z3::z3_lia_arith,,,0.1560,0.1436,,,0.3692,0.3312
data/suite_500/QF_LIA/CAV_2009_benchmarks/problem__005.smt2,QF_LIA,z3::z3_lia_arith,,,0.1638,0.1508,,,0.3876,0.2979
data/suite_500/QF_LIA/CAV_2009_benchmarks/problem__005__5f8089b1dd.smt2,QF_LIA,z3::z3_lia_arith,,,0.1470,0.1006,,,0.4168,0.3356
data/suite_500/QF_LIA/CAV_2009_benchmarks/problem__008.smt2,QF_LIA,z3::z3_lia_default,,,0.1435,0.0899,,,0.3303,0.4362
data/suite_500/QF_LIA/CAV_2009_benchmarks/problem__009.smt2,QF_LIA,z3::z3_lia_arith,,,0.1583,0.1083,,,0.3743,0.3590
data/suite_500/QF_LIA/CAV_2009_benchmarks/problem__023.smt2,QF_LIA,cvc5::cvc5_lia_arith,,,0.3238,0.1473,,,0.2311,0.2977
data/suite_500/QF_LIA/CAV_2009_benchmarks/problem__029.smt2,QF_LIA,cvc5::cvc5_lia_arith,,,0.3227,0.1407,,,0.2153,0.3213
data/suite_500/QF_LIA/CAV_2009_benchmarks/problem__030.smt2,QF_LIA,z3::z3_lia_default,,,0.1262,0.1053,,,0.3268,0.4417
data/suite_500/QF_LIA/CAV_2009_benchmarks/problem__030__933362b9a3.smt2,QF_LIA,z3::z3_lia_default,,,0.1128,0.0690,,,0.3598,0.4584
data/suite_500/QF_LIA/CAV_2009_benchmarks/problem__035.smt2,QF_LIA,cvc5::cvc5_lia_arith,,,0.2650,0.2562,,,0.2322,0.2466
data/suite_500/QF_LIA/bofill-scheduling/ex12900_2600_100.smt2,QF_LIA,cvc5::cvc5_lia_arith,,,0.2842,0.1918,,,0.2782,0.2458
data/suite_500/QF_LIA/bofill-scheduling/ex17000_2600_100.smt2,QF_LIA,cvc5::cvc5_lia_arith,,,0.2842,0.1918,,,0.2782,0.2458
data/suite_500/QF_LIA/bofill-scheduling/ex18600_2600_100.smt2,QF_LIA,cvc5::cvc5_lia_arith,,,0.2842,0.1918,,,0.2782,0.2458
data/suite_500/QF_LIA/bofill-scheduling/ex19400_2600_100.smt2,QF_LIA,cvc5::cvc5_lia_arith,,,0.2842,0.1918,,,0.2782,0.2458
data/suite_500/QF_LIA/bofill-scheduling/ex19600_2600_100.smt2,QF_LIA,cvc5::cvc5_lia_arith,,,0.2842,0.1918,,,0.2782,0.2458
data/suite_500/QF_LIA/bofill-scheduling/ex20100_2600_100.smt2,QF_LIA,cvc5::cvc5_lia_arith,,,0.2842,0.1918,,,0.2782,0.2458
data/suite_500/QF_LIA/bofill-scheduling/ex21600_2600_100.smt2,QF_LIA,cvc5::cvc5_lia_arith,,,0.2842,0.1918,,,0.2782,0.2458
data/suite_500/QF_LIA/bofill-scheduling/ex24200_2600_100.smt2,QF_LIA,cvc5::cvc5_lia_arith,,,0.2842,0.1918,,,0.2782,0.2458
data/suite_500/QF_LIA/bofill-scheduling/ex24900_2600_100.smt2,QF_LIA,cvc5::cvc5_lia_arith,,,0.2842,0.1918,,,0.2782,0.2458
data/suite_500/QF_LIA/bofill-scheduling/ex26400_2600_100.smt2,QF_LIA,cvc5::cvc5_lia_arith,,,0.2842,0.1918,,,0.2782,0.2458
data/suite_500/QF_LIA/bofill-scheduling/ex28100_2600_100.smt2,QF_LIA,cvc5::cvc5_lia_arith,,,0.2842,0.1918,,,0.2782,0.2458
data/suite_500/QF_LIA/bofill-scheduling/ex3040_2400_100.smt2,QF_LIA,cvc5::cvc5_lia_arith,,,0.2815,0.1769,,,0.2755,0.2661
data/suite_500/QF_LIA/bofill-scheduling/ex3440_2400_100.smt2,QF_LIA,cvc5::cvc5_lia_arith,,,0.2815,0.1769,,,0.2755,0.2661
data/suite_500/QF_LIA/bofill-scheduling/ex3840_2400_100.smt2,QF_LIA,cvc5::cvc5_lia_arith,,,0.2815,0.1769,,,0.2755,0.2661
data/suite_500/QF_LIA/bofill-scheduling/ex4060_2400_100.smt2,QF_LIA,cvc5::cvc5_lia_arith,,,0.2815,0.1769,,,0.2755,0.2661
data/suite_500/QF_LIA/bofill-scheduling/ex4720_2400_100.smt2,QF_LIA,cvc5::cvc5_lia_arith,,,0.2815,0.1769,,,0.2755,0.2661
data/suite_500/QF_LIA/bofill-scheduling/ex4800_2400_100.smt2,QF_LIA,cvc5::cvc5_lia_arith,,,0.2815,0.1769,,,0.2755,0.2661
data/suite_500/QF_LIA/bofill-scheduling/ex5600_2600_100.smt2,QF_LIA,cvc5::cvc5_lia_arith,,,0.2842,0.1918,,,0.2782,0.2458
data/suite_500/QF_LIA/bofill-scheduling/ex6000_2400_100.smt2,QF_LIA,cvc5::cvc5_lia_arith,,,0.2815,0.1769,,,0.2755,0.2661
data/suite_500/QF_LIA/bofill-scheduling/ex6880_2400_100.smt2,QF_LIA,cvc5::cvc5_lia_arith,,,0.2815,0.1769,,,0.2755,0.2661
data/suite_500/QF_LIA/bofill-scheduling/ex7080_2400_100.smt2,QF_LIA,cvc5::cvc5_lia_arith,,,0.2815,0.1769,,,0.2755,0.2661
data/suite_500/QF_LIA/bofill-scheduling/ex7240_2400_100.smt2,QF_LIA,cvc5::cvc5_lia_arith,,,0.2815,0.1769,,,0.2755,0.2661
data/suite_500/QF_LIA/bofill-scheduling/ex7800_2600_100.smt2,QF_LIA,cvc5::cvc5_lia_arith,,,0.2842,0.1918,,,0.2782,0.2458
data/suite_500/QF_LIA/bofill-scheduling/ex8580_2400_100.smt2,QF_LIA,cvc5::cvc5_lia_arith,,,0.2815,0.1769,,,0.2755,0.2661
data/suite_500/QF_LIA/bofill-scheduling/ex8820_2400_100.smt2,QF_LIA,cvc5::cvc5_lia_arith,,,0.2815,0.1769,,,0.2755,0.2661
data/suite_500/QF_LIA/convert/convert-jpg2gif-query-1149.smt2,QF_LIA,z3::z3_lia_default,,,0.1645,0.1689,,,0.2908,0.3757
data/suite_500/QF_LIA/convert/convert-jpg2gif-query-1165.smt2,QF_LIA,z3::z3_lia_default,,,0.1645,0.1689,,,0.2908,0.3757
data/suite_500/QF_LIA/convert/convert-jpg2gif-query-1173.smt2,QF_LIA,z3::z3_lia_default,,,0.1645,0.1689,,,0.2908,0.3757
data/suite_500/QF_LIA/convert/convert-jpg2gif-query-1175.smt2,QF_LIA,z3::z3_lia_default,,,0.1645,0.1689,,,0.2908,0.3757
data/suite_500/QF_LIA/convert/convert-jpg2gif-query-1184.smt2,QF_LIA,z3::z3_lia_default,,,0.1677,0.1528,,,0.2965,0.3830
data/suite_500/QF_LIA/convert/convert-jpg2gif-query-1200.smt2,QF_LIA,z3::z3_lia_default,,,0.1682,0.1505,,,0.2973,0.3841
data/suite_500/QF_LIA/convert/convert-jpg2gif-query-1204.smt2,QF_LIA,z3::z3_lia_default,,,0.1682,0.1505,,,0.2973,0.3841
data/suite_500/QF_LIA/convert/convert-jpg2gif-query-1352.smt2,QF_LIA,z3::z3_lia_default,,,0.1864,0.1448,,,0.2402,0.4286
data/suite_500/QF_LIA/convert/convert-jpg2gif-query-1410.smt2,QF_LIA,z3::z3_lia_default,,,0.1132,0.1111,,,0.1943,0.5813
data/suite_500/QF_LIA/convert/convert-jpg2gif-query-1414.smt2,QF_LIA,z3::z3_lia_default,,,0.1116,0.1113,,,0.1947,0.5824
data/suite_500/QF_LIA/convert/convert-jpg2gif-query-1430.smt2,QF_LIA,z3::z3_lia_default,,,0.1227,0.1114,,,0.1256,0.6403
data/suite_500/QF_LIA/convert/convert-jpg2gif-query-1463.smt2,QF_LIA,z3::z3_lia_default,,,0.1227,0.1114,,,0.1256,0.6403
data/suite_500/QF_LIA/convert/convert-jpg2gif-query-1498.smt2,QF_LIA,z3::z3_lia_default,,,0.0574,0.0593,,,0.1749,0.7084
data/suite_500/QF_LIA/convert/convert-jpg2gif-query-1541.smt2,QF_LIA,z3::z3_lia_default,,,0.0602,0.0377,,,0.1663,0.7359
data/suite_500/QF_LIA/convert/convert-jpg2gif-query-1548.smt2,QF_LIA,z3::z3_lia_default,,,0.0518,0.0324,,,0.2824,0.6334
data/suite_500/QF_LIA/convert/convert-jpg2gif-query-1571.smt2,QF_LIA,z3::z3_lia_default,,,0.0518,0.0324,,,0.2824,0.6334
data/suite_500/QF_LIA/convert/convert-jpg2gif-query-1572.smt2,QF_LIA,z3::z3_lia_default,,,0.0518,0.0324,,,0.2824,0.6334
data/suite_500/QF_LIA/convert/convert-jpg2gif-query-1597.smt2,QF_LIA,z3::z3_lia_default,,,0.0544,0.0353,,,0.2446,0.6657
data/suite_500/QF_LIA/convert/convert-jpg2gif-query-1605.smt2,QF_LIA,z3::z3_lia_default,,,0.0514,0.0334,,,0.2805,0.6347
data/suite_500/QF_LIA/convert/convert-jpg2gif-query-1612.smt2,QF_LIA,z3::z3_lia_default,,,0.0514,0.0334,,,0.2805,0.6347
data/suite_500/QF_LIA/convert/convert-jpg2gif-query-2124.smt2,QF_LIA,z3::z3_lia_default,,,0.2288,0.2485,,,0.2247,0.2980
data/suite_500/QF_LIA/convert/convert-jpg2gif-query-2126.smt2,QF_LIA,z3::z3_lia_default,,,0.2288,0.2485,,,0.2247,0.2980
data/suite_500/QF_LIA/convert/convert-jpg2gif-query-2127.smt2,QF_LIA,z3::z3_lia_default,,,0.2288,0.2485,,,0.2247,0.2980
data/suite_500/QF_LIA/convert/convert-jpg2gif-query-2134.smt2,QF_LIA,z3::z3_lia_default,,,0.2205,0.2358,,,0.2567,0.2870
data/suite_500/QF_LIA/convert/convert-jpg2gif-query-2140.smt2,QF_LIA,z3::z3_lia_default,,,0.1752,0.2495,,,0.2716,0.3037
data/suite_500/QF_LIA/dillig/10-9.smt2,QF_LIA,z3::z3_lia_arith,,,0.2548,0.2310,,,0.2800,0.2343
data/suite_500/QF_LIA/dillig/15-18.smt2,QF_LIA,cvc5::cvc5_lia_default,,,0.2799,0.2901,,,0.1725,0.2574
data/suite_500/QF_LIA/dillig/15-3.smt2,QF_LIA,cvc5::cvc5_lia_default,,,0.2724,0.2940,,,0.1945,0.2391
data/suite_500/QF_LIA/dillig/20-15.smt2,QF_LIA,cvc5::cvc5_lia_arith,,,0.3088,0.1663,,,0.2767,0.2482
data/suite_500/QF_LIA/dillig/20-22.smt2,QF_LIA,cvc5::cvc5_lia_arith,,,0.3088,0.1663,,,0.2767,0.2482
data/suite_500/QF_LIA/dillig/20-30.smt2,QF_LIA,cvc5::cvc5_lia_arith,,,0.3887,0.1505,,,0.1445,0.3162
data/suite_500/QF_LIA/dillig/25-20.smt2,QF_LIA,z3::z3_lia_default,,,0.2004,0.2041,,,0.1377,0.4577
data/suite_500/QF_LIA/dillig/25-26.smt2,QF_LIA,z3::z3_lia_default,,,0.2394,0.1516,,,0.1073,0.5017
data/suite_500/QF_LIA/dillig/25-30.smt2,QF_LIA,z3::z3_lia_default,,,0.2331,0.2123,,,0.0953,0.4593
data/suite_500/QF_LIA/dillig/25-33.smt2,QF_LIA,z3::z3_lia_default,,,0.2238,0.1429,,,0.1348,0.4985
data/suite_500/QF_LIA/dillig/30-15.smt2,QF_LIA,z3::z3_lia_default,,,0.1863,0.1858,,,0.2023,0.4255
data/suite_500/QF_LIA/dillig/30-20.smt2,QF_LIA,z3::z3_lia_default,,,0.2231,0.1422,,,0.1643,0.4704
data/suite_500/QF_LIA/dillig/30-35.smt2,QF_LIA,z3::z3_lia_default,,,0.1915,0.1445,,,0.1485,0.5156
data/suite_500/QF_LIA/dillig/35-17.smt2,QF_LIA,z3::z3_lia_default,,,0.2212,0.1519,,,0.1871,0.4398
data/suite_500/QF_LIA/dillig/35-26.smt2,QF_LIA,z3::z3_lia_default,,,0.1217,0.1436,,,0.2103,0.5244
data/suite_500/QF_LIA/dillig/35-27.smt2,QF_LIA,z3::z3_lia_default,,,0.1809,0.1366,,,0.1953,0.4872
data/suite_500/QF_LIA/dillig/35-33.smt2,QF_LIA,z3::z3_lia_default,,,0.1259,0.1421,,,0.1895,0.5425
data/suite_500/QF_LIA/dillig/40-18.smt2,QF_LIA,z3::z3_lia_default,,,0.2155,0.1479,,,0.1822,0.4544
data/suite_500/QF_LIA/dillig/40-2.smt2,QF_LIA,z3::z3_lia_default,,,0.1914,0.1220,,,0.2466,0.4400
data/suite_500/QF_LIA/dillig/40-22.smt2,QF_LIA,z3::z3_lia_default,,,0.2155,0.1479,,,0.1822,0.4544
data/suite_500/QF_LIA/dillig/45-10.smt2,QF_LIA,z3::z3_lia_default,,,0.2190,0.1523,,,0.1876,0.4411
data/suite_500/QF_LIA/dillig/45-20.smt2,QF_LIA,z3::z3_lia_default,,,0.2155,0.1479,,,0.1822,0.4544
data/suite_500/QF_LIA/dillig/45-29.smt2,QF_LIA,z3::z3_lia_default,,,0.2188,0.1413,,,0.2002,0.4397
data/suite_500/QF_LIA/dillig/45-35.smt2,QF_LIA,z3::z3_lia_default,,,0.2392,0.1528,,,0.1785,0.4295
data/suite_500/QF_LIA/dillig/45-7.smt2,QF_LIA,z3::z3_lia_default,,,0.2212,0.1519,,,0.1871,0.4398
data/suite_500/QF_LIA/nec-smt/prp-0-15.smt2,QF_LIA,cvc5::cvc5_lia_arith,,,0.3085,0.1699,,,0.2460,0.2755
data/suite_500/QF_LIA/nec-smt/prp-0-47.smt2,QF_LIA,z3::z3_lia_arith,,,0.0730,0.0908,,,0.4781,0.3582
data/suite_500/QF_LIA/nec-smt/prp-0-49.smt2,QF_LIA,z3::z3_lia_arith,,,0.0157,0.0202,,,0.5246,0.4395
data/suite_500/QF_LIA/nec-smt/prp-11-46.smt2,QF_LIA,z3::z3_lia_arith,,,0.0167,0.0159,,,0.5535,0.4139
data/suite_500/QF_LIA/nec-smt/prp-14-46.smt2,QF_LIA,z3::z3_lia_default,,,0.0280,0.0277,,,0.2997,0.6446
data/suite_500/QF_LIA/nec-smt/prp-18-48.smt2,QF_LIA,z3::z3_lia_arith,,,0.1028,0.1279,,,0.5237,0.2456
data/suite_500/QF_LIA/nec-smt/prp-19-49.smt2,QF_LIA,z3::z3_lia_arith,,,0.1082,0.1347,,,0.5515,0.2055
data/suite_500/QF_LIA/nec-smt/prp-19-50.smt2,QF_LIA,z3::z3_lia_default,,,0.0406,0.0400,,,0.4338,0.4855
data/suite_500/QF_LIA/nec-smt/prp-20-35.smt2,QF_LIA,z3::z3_lia_default,,,0.0299,0.0372,,,0.4030,0.5299
data/suite_500/QF_LIA/nec-smt/prp-22-43.smt2,QF_LIA,z3::z3_lia_arith,,,0.0642,0.1208,,,0.4206,0.3944
data/suite_500/QF_LIA/nec-smt/prp-24-50.smt2,QF_LIA,z3::z3_lia_arith,,,0.0166,0.0192,,,0.5524,0.4118
data/suite_500/QF_LIA/nec-smt/prp-32-50.smt2,QF_LIA,z3::z3_lia_default,,,0.0190,0.0278,,,0.2824,0.6708
data/suite_500/QF_LIA/nec-smt/prp-34-46.smt2,QF_LIA,z3::z3_lia_arith,,,0.1263,0.1844,,,0.4031,0.2862
data/suite_500/QF_LIA/nec-smt/prp-38-46.smt2,QF_LIA,z3::z3_lia_default,,,0.0278,0.0357,,,0.2972,0.6392
data/suite_500/QF_LIA/nec-smt/prp-4-46.smt2,QF_LIA,z3::z3_lia_arith,,,0.0173,0.0171,,,0.5357,0.4299
data/suite_500/QF_LIA/nec-smt/prp-40-49.smt2,QF_LIA,z3::z3_lia_default,,,0.0205,0.0332,,,0.3039,0.6424
data/suite_500/QF_LIA/nec-smt/prp-45-47.smt2,QF_LIA,z3::z3_lia_default,,,0.0278,0.0357,,,0.2972,0.6392
data/suite_500/QF_LIA/nec-smt/prp-47-46.smt2,QF_LIA,z3::z3_lia_arith,,,0.1322,0.1930,,,0.4219,0.2528
data/suite_500/QF_LIA/nec-smt/prp-49-50.smt2,QF_LIA,z3::z3_lia_arith,,,0.1690,0.2050,,,0.4481,0.1779
data/suite_500/QF_LIA/nec-smt/prp-5-36.smt2,QF_LIA,z3::z3_lia_default,,,0.0393,0.0575,,,0.3107,0.5926
data/suite_500/QF_LIA/nec-smt/prp-50-50.smt2,QF_LIA,z3::z3_lia_arith,,,0.1287,0.1270,,,0.5811,0.1631
data/suite_500/QF_LIA/nec-smt/prp-54-49.smt2,QF_LIA,z3::z3_lia_arith,,,0.1519,0.2352,,,0.4028,0.2100
data/suite_500/QF_LIA/nec-smt/prp-6-25.smt2,QF_LIA,z3::z3_lia_arith,,,0.0212,0.0257,,,0.5186,0.4345
data/suite_500/QF_LIA/nec-smt/prp-6-48.smt2,QF_LIA,z3::z3_lia_arith,,,0.1089,0.1355,,,0.5547,0.2009
data/suite_500/QF_LIA/nec-smt/prp-7-48.smt2,QF_LIA,z3::z3_lia_arith,,,0.1089,0.1355,,,0.5547,0.2009
data/suite_500/QF_LIA/rings/ring_2exp10_4vars_2ite_unsat.smt2,QF_LIA,z3::z3_lia_default,,,0.2829,0.1393,,,0.2782,0.2996
data/suite_500/QF_LIA/rings/ring_2exp10_8vars_1ite_unsat.smt2,QF_LIA,z3::z3_lia_default,,,0.0234,0.0890,,,0.0734,0.8142
data/suite_500/QF_LIA/rings/ring_2exp12_4vars_0ite_unsat.smt2,QF_LIA,z3::z3_lia_default,,,0.2857,0.1408,,,0.2711,0.3025
data/suite_500/QF_LIA/rings/ring_2exp12_5vars_3ite_unsat.smt2,QF_LIA,z3::z3_lia_default,,,0.0530,0.0648,,,0.2163,0.6659
data/suite_500/QF_LIA/rings/ring_2exp12_8vars_7ite_unsat.smt2,QF_LIA,z3::z3_lia_default,,,0.0639,0.2592,,,0.1643,0.5126
data/suite_500/QF_LIA/rings/ring_2exp12_9vars_8ite_unsat.smt2,QF_LIA,cvc5::cvc5_lia_default,,,0.1175,0.3855,,,0.2702,0.2268
data/suite_500/QF_LIA/rings/ring_2exp14_6vars_0ite_unsat.smt2,QF_LIA,z3::z3_lia_default,,,0.2419,0.1047,,,0.1826,0.4708
data/suite_500/QF_LIA/rings/ring_2exp14_6vars_1ite_unsat.smt2,QF_LIA,z3::z3_lia_default,,,0.0619,0.0278,,,0.0884,0.8218
data/suite_500/QF_LIA/rings/ring_2exp14_8vars_1ite_unsat.smt2,QF_LIA,z3::z3_lia_default,,,0.0234,0.0890,,,0.0734,0.8142
data/suite_500/QF_LIA/rings/ring_2exp14_9vars_5ite_unsat.smt2,QF_LIA,z3::z3_lia_default,,,0.0326,0.1068,,,0.1022,0.7584
data/suite_500/QF_LIA/rings/ring_2exp14_9vars_8ite_unsat.smt2,QF_LIA,cvc5::cvc5_lia_default,,,0.1175,0.3855,,,0.2702,0.2268
data/suite_500/QF_LIA/rings/ring_2exp16_3vars_2ite_unsat.smt2,QF_LIA,z3::z3_lia_arith,,,0.2663,0.1623,,,0.3031,0.2684
data/suite_500/QF_LIA/rings/ring_2exp16_4vars_1ite_unsat.smt2,QF_LIA,z3::z3_lia_default,,,0.2829,0.1394,,,0.2782,0.2995
data/suite_500/QF_LIA/rings/ring_2exp4_3vars_1ite_unsat.smt2,QF_LIA,z3::z3_lia_default,,,0.2777,0.1692,,,0.2731,0.2799
data/suite_500/QF_LIA/rings/ring_2exp4_3vars_2ite_unsat.smt2,QF_LIA,z3::z3_lia_arith,,,0.2663,0.1623,,,0.3031,0.2684
data/suite_500/QF_LIA/rings/ring_2exp4_5vars_3ite_unsat.smt2,QF_LIA,z3::z3_lia_default,,,0.0689,0.0699,,,0.2111,0.6500
data/suite_500/QF_LIA/rings/ring_2exp4_8vars_5ite_unsat.smt2,QF_LIA,z3::z3_lia_default,,,0.0288,0.1104,,,0.0834,0.7774
data/suite_500/QF_LIA/rings/ring_2exp4_8vars_6ite_unsat.smt2,QF_LIA,z3::z3_lia_default,,,0.0510,0.2168,,,0.1310,0.6012
data/suite_500/QF_LIA/rings/ring_2exp6_7vars_5ite_unsat.smt2,QF_LIA,z3::z3_lia_default,,,0.0276,0.0459,,,0.0765,0.8499
data/suite_500/QF_LIA/rings/ring_2exp6_8vars_3ite_unsat.smt2,QF_LIA,z3::z3_lia_default,,,0.0234,0.0890,,,0.0734,0.8142
data/suite_500/QF_LIA/rings/ring_2exp6_9vars_2ite_unsat.smt2,QF_LIA,z3::z3_lia_default,,,0.0239,0.0952,,,0.1725,0.7083
data/suite_500/QF_LIA/rings/ring_2exp6_9vars_6ite_unsat.smt2,QF_LIA,z3::z3_lia_default,,,0.0377,0.1369,,,0.1154,0.7099
data/suite_500/QF_LIA/rings/ring_2exp8_6vars_2ite_unsat.smt2,QF_LIA,z3::z3_lia_default,,,0.0632,0.0441,,,0.0988,0.7939
data/suite_500/QF_LIA/rings/ring_2exp8_6vars_5ite_unsat.smt2,QF_LIA,z3::z3_lia_default,,,0.0723,0.0505,,,0.0513,0.8259
data/suite_500/QF_LIA/rings/ring_2exp8_9vars_5ite_unsat.smt2,QF_LIA,z3::z3_lia_default,,,0.0326,0.1068,,,0.1022,0.7584
data/suite_500/QF_LIA/rings_preprocessed/ring_2exp12_7vars_3ite_unsat.smt2,QF_LIA,z3::z3_lia_default,,,0.0187,0.0563,,,0.3508,0.5742
data/suite_500/QF_LIA/rings_preprocessed/ring_2exp12_8vars_1ite_unsat.smt2,QF_LIA,z3::z3_lia_default,,,0.0521,0.0630,,,0.3896,0.4953
data/suite_500/QF_LIA/rings_preprocessed/ring_2exp14_4vars_0ite_unsat.smt2,QF_LIA,cvc5::cvc5_lia_default,,,0.2696,0.2822,,,0.1798,0.2684
data/suite_500/QF_LIA/rings_preprocessed/ring_2exp14_6vars_3ite_unsat.smt2,QF_LIA,z3::z3_lia_default,,,0.0138,0.0509,,,0.2652,0.6701
data/suite_500/QF_LIA/rings_preprocessed/ring_2exp14_6vars_4ite_unsat.smt2,QF_LIA,z3::z3_lia_default,,,0.0157,0.0543,,,0.0971,0.8329
data/suite_500/QF_LIA/rings_preprocessed/ring_2exp14_7vars_3ite_unsat.smt2,QF_LIA,z3::z3_lia_default,,,0.0187,0.0563,,,0.3508,0.5742
data/suite_500/QF_LIA/rings_preprocessed/ring_2exp14_9vars_0ite_unsat.smt2,QF_LIA,z3::z3_lia_default,,,0.2016,0.1435,,,0.2883,0.3666
data/suite_500/QF_LIA/rings_preprocessed/ring_2exp14_9vars_1ite_unsat.smt2,QF_LIA,z3::z3_lia_default,,,0.0147,0.0642,,,0.4055,0.5155
data/suite_500/QF_LIA/rings_preprocessed/ring_2exp16_8vars_0ite_unsat.smt2,QF_LIA,z3::z3_lia_default,,,0.1858,0.1462,,,0.2937,0.3742
data/suite_500/QF_LIA/rings_preprocessed/ring_2exp16_8vars_7ite_unsat.smt2,QF_LIA,z3::z3_lia_arith,,,0.1058,0.1284,,,0.5424,0.2234
data/suite_500/QF_LIA/rings_preprocessed/ring_2exp16_9vars_1ite_unsat.smt2,QF_LIA,z3::z3_lia_default,,,0.0147,0.0642,,,0.4055,0.5155
data/suite_500/QF_LIA/rings_preprocessed/ring_2exp16_9vars_4ite_unsat.smt2,QF_LIA,z3::z3_lia_arith,,,0.0145,0.0268,,,0.5688,0.3899
data/suite_500/QF_LIA/rings_preprocessed/ring_2exp4_5vars_1ite_unsat.smt2,QF_LIA,z3::z3_lia_default,,,0.2834,0.1098,,,0.2435,0.3634
data/suite_500/QF_LIA/rings_preprocessed/ring_2exp4_6vars_2ite_unsat.smt2,QF_LIA,z3::z3_lia_default,,,0.0513,0.0544,,,0.2213,0.6730
data/suite_500/QF_LIA/rings_preprocessed/ring_2exp4_6vars_4ite_unsat.smt2,QF_LIA,z3::z3_lia_default,,,0.0137,0.0475,,,0.2110,0.7278
data/suite_500/QF_LIA/rings_preprocessed/ring_2exp4_7vars_0ite_unsat.smt2,QF_LIA,z3::z3_lia_default,,,0.1878,0.1722,,,0.2053,0.4347
data/suite_500/QF_LIA/rings_preprocessed/ring_2exp4_8vars_2ite_unsat.smt2,QF_LIA,z3::z3_lia_default,,,0.0343,0.0537,,,0.3687,0.5433
data/suite_500/QF_LIA/rings_preprocessed/ring_2exp4_8vars_4ite_unsat.smt2,QF_LIA,z3::z3_lia_default,,,0.0175,0.0217,,,0.3145,0.6463
data/suite_500/QF_LIA/rings_preprocessed/ring_2exp6_7vars_0ite_unsat.smt2,QF_LIA,z3::z3_lia_default,,,0.1878,0.1722,,,0.2053,0.4347
data/suite_500/QF_LIA/rings_preprocessed/ring_2exp6_7vars_2ite_unsat.smt2,QF_LIA,z3::z3_lia_default,,,0.0409,0.0762,,,0.2890,0.5939
data/suite_500/QF_LIA/rings_preprocessed/ring_2exp6_8vars_2ite_unsat.smt2,QF_LIA,z3::z3_lia_default,,,0.0341,0.0593,,,0.3666,0.5401
data/suite_500/QF_LIA/rings_preprocessed/ring_2exp8_8vars_0ite_unsat.smt2,QF_LIA,z3::z3_lia_default,,,0.1858,0.1462,,,0.2937,0.3742
data/suite_500/QF_LIA/rings_preprocessed/ring_2exp8_8vars_1ite_unsat.smt2,QF_LIA,z3::z3_lia_default,,,0.0521,0.0630,,,0.3896,0.4953
data/suite_500/QF_LIA/rings_preprocessed/ring_2exp8_8vars_4ite_unsat.smt2,QF_LIA,z3::z3_lia_default,,,0.0171,0.0213,,,0.3282,0.6334
data/suite_500/QF_LIA/rings_preprocessed/ring_2exp8_9vars_8ite_unsat.smt2,QF_LIA,z3::z3_lia_arith,,,0.0943,0.1388,,,0.5401,0.2267
data/suite_500/QF_LIA/slacks/15-10.slack.smt2,QF_LIA,z3::z3_lia_arith,,,0.1880,0.0894,,,0.4444,0.2782
data/suite_500/QF_LIA/slacks/15-14.slack.smt2,QF_LIA,z3::z3_lia_arith,,,0.2300,0.0848,,,0.4214,0.2638
data/suite_500/QF_LIA/slacks/20-19.slack.smt2,QF_LIA,z3::z3_lia_default,,,0.3198,0.1284,,,0.1488,0.4031
data/suite_500/QF_LIA/slacks/20-5.slack.smt2,QF_LIA,z3::z3_lia_arith,,,0.2302,0.0840,,,0.4218,0.2641
data/suite_500/QF_LIA/slacks/25-12.slack.smt2,QF_LIA,z3::z3_lia_default,,,0.1457,0.1218,,,0.1871,0.5455
data/suite_500/QF_LIA/slacks/25-16.slack.smt2,QF_LIA,z3::z3_lia_default,,,0.2043,0.2690,,,0.1813,0.3454
data/suite_500/QF_LIA/slacks/25-2.slack.smt2,QF_LIA,z3::z3_lia_arith,,,0.2771,0.1011,,,0.3570,0.2649
data/suite_500/QF_LIA/slacks/25-24.slack.smt2,QF_LIA,cvc5::cvc5_lia_default,,,0.2366,0.2987,,,0.1802,0.2845
data/suite_500/QF_LIA/slacks/25-30.slack.smt2,QF_LIA,z3::z3_lia_default,,,0.1898,0.1930,,,0.2352,0.3820
data/suite_500/QF_LIA/slacks/25-5.slack.smt2,QF_LIA,z3::z3_lia_arith,,,0.2771,0.1011,,,0.3570,0.2649
data/suite_500/QF_LIA/slacks/25-9.slack.smt2,QF_LIA,z3::z3_lia_arith,,,0.2639,0.0929,,,0.3911,0.2522
data/suite_500/QF_LIA/slacks/30-16.slack.smt2,QF_LIA,z3::z3_lia_default,,,0.1913,0.1919,,,0.0922,0.5246
data/suite_500/QF_LIA/slacks/30-25.slack.smt2,QF_LIA,z3::z3_lia_default,,,0.1897,0.1693,,,0.1163,0.5247
data/suite_500/QF_LIA/slacks/30-27.slack.smt2,QF_LIA,z3::z3_lia_default,,,0.1691,0.1672,,,0.1251,0.5386
data/suite_500/QF_LIA/slacks/30-4.slack.smt2,QF_LIA,z3::z3_lia_default,,,0.1952,0.0929,,,0.3245,0.3874
data/suite_500/QF_LIA/slacks/30-7.slack.smt2,QF_LIA,z3::z3_lia_default,,,0.0993,0.1359,,,0.2286,0.5362
data/suite_500/QF_LIA/slacks/35-10.slack.smt2,QF_LIA,z3::z3_lia_default,,,0.1216,0.1649,,,0.2415,0.4719
data/suite_500/QF_LIA/slacks/40-11.slack.smt2,QF_LIA,z3::z3_lia_default,,,0.2747,0.1653,,,0.0988,0.4611
data/suite_500/QF_LIA/slacks/40-12.slack.smt2,QF_LIA,z3::z3_lia_default,,,0.2682,0.1614,,,0.1202,0.4502
data/suite_500/QF_LIA/slacks/40-20.slack.smt2,QF_LIA,z3::z3_lia_default,,,0.1813,0.1819,,,0.1118,0.5250
data/suite_500/QF_LIA/slacks/40-8.slack.smt2,QF_LIA,z3::z3_lia_default,,,0.2524,0.1598,,,0.1734,0.4144
data/suite_500/QF_LIA/slacks/45-10.slack.smt2,QF_LIA,z3::z3_lia_default,,,0.2338,0.2130,,,0.1607,0.3925
data/suite_500/QF_LIA/slacks/45-27.slack.smt2,QF_LIA,z3::z3_lia_default,,,0.1307,0.1527,,,0.1160,0.6007
data/suite_500/QF_LIA/slacks/45-28.slack.smt2,QF_LIA,z3::z3_lia_default,,,0.1120,0.1139,,,0.1252,0.6488
data/suite_500/QF_LIA/slacks/45-9.slack.smt2,QF_LIA,z3::z3_lia_default,,,0.2444,0.1402,,,0.2053,0.4101
