benchmark,solver,score
data/suite_500/QF_LIA/20180326-Bromberger/cut_lemma_01_007.smt2.slack.smt2,cvc5::cvc5_lia_arith,120
data/suite_500/QF_LIA/20180326-Bromberger/cut_lemma_01_007.smt2.slack.smt2,cvc5::cvc5_lia_default,120
data/suite_500/QF_LIA/20180326-Bromberger/cut_lemma_01_007.smt2.slack.smt2,z3::z3_lia_arith,23.921
data/suite_500/QF_LIA/20180326-Bromberger/cut_lemma_01_007.smt2.slack.smt2,z3::z3_lia_default,22.071
data/suite_500/QF_LIA/20180326-Bromberger/cut_lemma_02_006.smt2.slack.smt2,cvc5::cvc5_lia_arith,120
data/suite_500/QF_LIA/20180326-Bromberger/cut_lemma_02_006.smt2.slack.smt2,cvc5::cvc5_lia_default,120
data/suite_500/QF_LIA/20180326-Bromberger/cut_lemma_02_006.smt2.slack.smt2,z3::z3_lia_arith,0.065
data/suite_500/QF_LIA/20180326-Bromberger/cut_lemma_02_006.smt2.slack.smt2,z3::z3_lia_default,0.164
data/suite_500/QF_LIA/20180326-Bromberger/cut_lemma_02_008.smt2.slack.smt2,cvc5::cvc5_lia_arith,1.752
data/suite_500/QF_LIA/20180326-Bromberger/cut_lemma_02_008.smt2.slack.smt2,cvc5::cvc5_lia_default,1.75
data/suite_500/QF_LIA/20180326-Bromberger/cut_lemma_02_008.smt2.slack.smt2,z3::z3_lia_arith,0.041
data/suite_500/QF_LIA/20180326-Bromberger/cut_lemma_02_008.smt2.slack.smt2,z3::z3_lia_default,0.023
data/suite_500/QF_LIA/20180326-Bromberger/cut_lemma_03_007.smt2.slack.smt2,cvc5::cvc5_lia_arith,120
data/suite_500/QF_LIA/20180326-Bromberger/cut_lemma_03_007.smt2.slack.smt2,cvc5::cvc5_lia_default,120
data/suite_500/QF_LIA/20180326-Bromberger/cut_lemma_03_007.smt2.slack.smt2,z3::z3_lia_arith,7.31
data/suite_500/QF_LIA/20180326-Bromberger/cut_lemma_03_007.smt2.slack.smt2,z3::z3_lia_default,22.064
data/suite_500/QF_LIA/20180326-Bromberger/unbd-sage11.smt2,cvc5::cvc5_lia_arith,120
data/suite_500/QF_LIA/20180326-Bromberger/unbd-sage11.smt2,cvc5::cvc5_lia_default,120
data/suite_500/QF_LIA/20180326-Bromberger/unbd-sage11.smt2,z3::z3_lia_arith,120
data/suite_500/QF_LIA/20180326-Bromberger/unbd-sage11.smt2,z3::z3_lia_default,9.174
data/suite_500/QF_LIA/20180326-Bromberger/unbd-sage22.smt2,cvc5::cvc5_lia_arith,120
data/suite_500/QF_LIA/20180326-Bromberger/unbd-sage22.smt2,cvc5::cvc5_lia_default,120
data/suite_500/QF_LIA/20180326-Bromberger/unbd-sage22.smt2,z3::z3_lia_arith,120
data/suite_500/QF_LIA/20180326-Bromberger/unbd-sage22.smt2,z3::z3_lia_default,120
data/suite_500/QF_LIA/20180326-Bromberger/unbd-sage9.smt2,cvc5::cvc5_lia_arith,14.448
data/suite_500/QF_LIA/20180326-Bromberger/unbd-sage9.smt2,cvc5::cvc5_lia_default,14.412
data/suite_500/QF_LIA/20180326-Bromberger/unbd-sage9.smt2,z3::z3_lia_arith,120
data/suite_500/QF_LIA/20180326-Bromberger/unbd-sage9.smt2,z3::z3_lia_default,7.425
data/suite_500/QF_LIA/20180326-Bromberger/v10_problem_2__012.smt2.slack.smt2,cvc5::cvc5_lia_arith,0.005
data/suite_500/QF_LIA/20180326-Bromberger/v10_problem_2__012.smt2.slack.smt2,cvc5::cvc5_lia_default,0.006
data/suite_500/QF_LIA/20180326-Bromberger/v10_problem_2__012.smt2.slack.smt2,z3::z3_lia_arith,0.011
data/suite_500/QF_LIA/20180326-Bromberger/v10_problem_2__012.smt2.slack.smt2,z3::z3_lia_default,0.019
data/suite_500/QF_LIA/20180326-Bromberger/v10_problem_2__033.smt2.slack.smt2,cvc5::cvc5_lia_arith,0.008
data/suite_500/QF_LIA/20180326-Bromberger/v10_problem_2__033.smt2.slack.smt2,cvc5::cvc5_lia_default,0.008
data/suite_500/QF_LIA/20180326-Bromberger/v10_problem_2__033.smt2.slack.smt2,z3::z3_lia_arith,0.01
data/suite_500/QF_LIA/20180326-Bromberger/v10_problem_2__033.smt2.slack.smt2,z3::z3_lia_default,0.008
data/suite_500/QF_LIA/20180326-Bromberger/v15_problem_2__005.smt2.slack.smt2,cvc5::cvc5_lia_arith,0.006
data/suite_500/QF_LIA/20180326-Bromberger/v15_problem_2__005.smt2.slack.smt2,cvc5::cvc5_lia_default,0.006
data/suite_500/QF_LIA/20180326-Bromberger/v15_problem_2__005.smt2.slack.smt2,z3::z3_lia_arith,0.009
data/suite_500/QF_LIA/20180326-Bromberger/v15_problem_2__005.smt2.slack.smt2,z3::z3_lia_default,0.008
data/suite_500/QF_LIA/20180326-Bromberger/v20_problem__012.smt2.slack.smt2,cvc5::cvc5_lia_arith,0.806
data/suite_500/QF_LIA/20180326-Bromberger/v20_problem__012.smt2.slack.smt2,cvc5::cvc5_lia_default,0.807
data/suite_500/QF_LIA/20180326-Bromberger/v20_problem__012.smt2.slack.smt2,z3::z3_lia_arith,0.022
data/suite_500/QF_LIA/20180326-Bromberger/v20_problem__012.smt2.slack.smt2,z3::z3_lia_default,0.012
data/suite_500/QF_LIA/20180326-Bromberger/v20_problem__022.smt2.slack.smt2,cvc5::cvc5_lia_arith,0.145
data/suite_500/QF_LIA/20180326-Bromberger/v20_problem__022.smt2.slack.smt2,cvc5::cvc5_lia_default,0.146
data/suite_500/QF_LIA/20180326-Bromberger/v20_problem__022.smt2.slack.smt2,z3::z3_lia_arith,0.012
data/suite_500/QF_LIA/20180326-Bromberger/v20_problem__022.smt2.slack.smt2,z3::z3_lia_default,0.021
data/suite_500/QF_LIA/20180326-Bromberger/v20_problem__027.smt2.slack.smt2,cvc5::cvc5_lia_arith,0.056
data/suite_500/QF_LIA/20180326-Bromberger/v20_problem__027.smt2.slack.smt2,cvc5::cvc5_lia_default,0.056
data/suite_500/QF_LIA/20180326-Bromberger/v20_problem__027.smt2.slack.smt2,z3::z3_lia_arith,0.081
data/suite_500/QF_LIA/20180326-Bromberger/v20_problem__027.smt2.slack.smt2,z3::z3_lia_default,0.087
data/suite_500/QF_LIA/20180326-Bromberger/v25_problem_2__017.smt2.slack.smt2,cvc5::cvc5_lia_arith,0.329
data/suite_500/QF_LIA/20180326-Bromberger/v25_problem_2__017.smt2.slack.smt2,cvc5::cvc5_lia_default,0.33
data/suite_500/QF_LIA/20180326-Bromberger/v25_problem_2__017.smt2.slack.smt2,z3::z3_lia_arith,120
data/suite_500/QF_LIA/20180326-Bromberger/v25_problem_2__017.smt2.slack.smt2,z3::z3_lia_default,0.043
data/suite_500/QF_LIA/20180326-Bromberger/v25_problem_2__032.smt2.slack.smt2,cvc5::cvc5_lia_arith,120
data/suite_500/QF_LIA/20180326-Bromberger/v25_problem_2__032.smt2.slack.smt2,cvc5::cvc5_lia_default,120
data/suite_500/QF_LIA/20180326-Bromberger/v25_problem_2__032.smt2.slack.smt2,z3::z3_lia_arith,120
data/suite_500/QF_LIA/20180326-Bromberger/v25_problem_2__032.smt2.slack.smt2,z3::z3_lia_default,7.459
data/suite_500/QF_LIA/20180326-Bromberger/v30_problem_2__022.smt2.slack.smt2,cvc5::cvc5_lia_arith,0.742
data/suite_500/QF_LIA/20180326-Bromberger/v30_problem_2__022.smt2.slack.smt2,cvc5::cvc5_lia_default,0.734
data/suite_500/QF_LIA/20180326-Bromberger/v30_problem_2__022.smt2.slack.smt2,z3::z3_lia_arith,0.325
data/suite_500/QF_LIA/20180326-Bromberger/v30_problem_2__022.smt2.slack.smt2,z3::z3_lia_default,10.218
data/suite_500/QF_LIA/20180326-Bromberger/v30_problem__025.smt2.slack.smt2,cvc5::cvc5_lia_arith,120
data/suite_500/QF_LIA/20180326-Bromberger/v30_problem__025.smt2.slack.smt2,cvc5::cvc5_lia_default,120
data/suite_500/QF_LIA/20180326-Bromberger/v30_problem__025.smt2.slack.smt2,z3::z3_lia_arith,120
data/suite_500/QF_LIA/20180326-Bromberger/v30_problem__025.smt2.slack.smt2,z3::z3_lia_default,0.031
data/suite_500/QF_LIA/20180326-Bromberger/v30_problem__026.smt2.slack.smt2,cvc5::cvc5_lia_arith,4.363
data/suite_500/QF_LIA/20180326-Bromberger/v30_problem__026.smt2.slack.smt2,cvc5::cvc5_lia_default,4.331
data/suite_500/QF_LIA/20180326-Bromberger/v30_problem__026.smt2.slack.smt2,z3::z3_lia_arith,120
data/suite_500/QF_LIA/20180326-Bromberger/v30_problem__026.smt2.slack.smt2,z3::z3_lia_default,0.258
data/suite_500/QF_LIA/20180326-Bromberger/v30_problem__033.smt2.slack.smt2,cvc5::cvc5_lia_arith,2.349
data/suite_500/QF_LIA/20180326-Bromberger/v30_problem__033.smt2.slack.smt2,cvc5::cvc5_lia_default,2.316
data/suite_500/QF_LIA/20180326-Bromberger/v30_problem__033.smt2.slack.smt2,z3::z3_lia_arith,0.63
data/suite_500/QF_LIA/20180326-Bromberger/v30_problem__033.smt2.slack.smt2,z3::z3_lia_default,7.363
data/suite_500/QF_LIA/20180326-Bromberger/v35_problem_2__018.smt2.slack.smt2,cvc5::cvc5_lia_arith,6.785
data/suite_500/QF_LIA/20180326-Bromberger/v35_problem_2__018.smt2.slack.smt2,cvc5::cvc5_lia_default,6.704
data/suite_500/QF_LIA/20180326-Bromberger/v35_problem_2__018.smt2.slack.smt2,z3::z3_lia_arith,120
data/suite_500/QF_LIA/20180326-Bromberger/v35_problem_2__018.smt2.slack.smt2,z3::z3_lia_default,0.041
data/suite_500/QF_LIA/20180326-Bromberger/v35_problem__014.smt2.slack.smt2,cvc5::cvc5_lia_arith,1.495
data/suite_500/QF_LIA/20180326-Bromberger/v35_problem__014.smt2.slack.smt2,cvc5::cvc5_lia_default,1.434
data/suite_500/QF_LIA/20180326-Bromberger/v35_problem__014.smt2.slack.smt2,z3::z3_lia_arith,0.023
data/suite_500/QF_LIA/20180326-Bromberger/v35_problem__014.smt2.slack.smt2,z3::z3_lia_default,0.033
data/suite_500/QF_LIA/20180326-Bromberger/v35_problem__034.smt2.slack.smt2,cvc5::cvc5_lia_arith,120
data/suite_500/QF_LIA/20180326-Bromberger/v35_problem__034.smt2.slack.smt2,cvc5::cvc5_lia_default,120
data/suite_500/QF_LIA/20180326-Bromberger/v35_problem__034.smt2.slack.smt2,z3::z3_lia_arith,120
data/suite_500/QF_LIA/20180326-Bromberger/v35_problem__034.smt2.slack.smt2,z3::z3_lia_default,8.041
data/suite_500/QF_LIA/20180326-Bromberger/v40_problem_2__022.smt2.slack.smt2,cvc5::cvc5_lia_arith,4.388
data/suite_500/QF_LIA/20180326-Bromberger/v40_problem_2__022.smt2.slack.smt2,cvc5::cvc5_lia_default,4.234
data/suite_500/QF_LIA/20180326-Bromberger/v40_problem_2__022.smt2.slack.smt2,z3::z3_lia_arith,0.02
data/suite_500/QF_LIA/20180326-Bromberger/v40_problem_2__022.smt2.slack.smt2,z3::z3_lia_default,0.019
data/suite_500/QF_LIA/20180326-Bromberger/v45_problem_2__007.smt2.slack.smt2,cvc5::cvc5_lia_arith,1.99
data/suite_500/QF_LIA/20180326-Bromberger/v45_problem_2__007.smt2.slack.smt2,cvc5::cvc5_lia_default,1.901
data/suite_500/QF_LIA/20180326-Bromberger/v45_problem_2__007.smt2.slack.smt2,z3::z3_lia_arith,0.017
data/suite_500/QF_LIA/20180326-Bromberger/v45_problem_2__007.smt2.slack.smt2,z3::z3_lia_default,0.01
data/suite_500/QF_LIA/20180326-Bromberger/v45_problem__015.smt2.slack.smt2,cvc5::cvc5_lia_arith,0.177
data/suite_500/QF_LIA/20180326-Bromberger/v45_problem__015.smt2.slack.smt2,cvc5::cvc5_lia_default,0.179
data/suite_500/QF_LIA/20180326-Bromberger/v45_problem__015.smt2.slack.smt2,z3::z3_lia_arith,0.014
data/suite_500/QF_LIA/20180326-Bromberger/v45_problem__015.smt2.slack.smt2,z3::z3_lia_default,0.02
data/suite_500/QF_LIA/20220307-SMPT/RC-00.smt2,cvc5::cvc5_lia_arith,0.108
data/suite_500/QF_LIA/20220307-SMPT/RC-00.smt2,cvc5::cvc5_lia_default,0.112
data/suite_500/QF_LIA/20220307-SMPT/RC-00.smt2,z3::z3_lia_arith,0.031
data/suite_500/QF_LIA/20220307-SMPT/RC-00.smt2,z3::z3_lia_default,0.032
data/suite_500/QF_LIA/20220307-SMPT/RC-01.smt2,cvc5::cvc5_lia_arith,0.019
data/suite_500/QF_LIA/20220307-SMPT/RC-01.smt2,cvc5::cvc5_lia_default,0.021
data/suite_500/QF_LIA/20220307-SMPT/RC-01.smt2,z3::z3_lia_arith,0.008
data/suite_500/QF_LIA/20220307-SMPT/RC-01.smt2,z3::z3_lia_default,0.014
data/suite_500/QF_LIA/20220307-SMPT/RC-03.smt2,cvc5::cvc5_lia_arith,0.005
data/suite_500/QF_LIA/20220307-SMPT/RC-03.smt2,cvc5::cvc5_lia_default,0.006
data/suite_500/QF_LIA/20220307-SMPT/RC-03.smt2,z3::z3_lia_arith,0.009
data/suite_500/QF_LIA/20220307-SMPT/RC-03.smt2,z3::z3_lia_default,0.021
data/suite_500/QF_LIA/20220307-SMPT/RC-05.smt2,cvc5::cvc5_lia_arith,0.144
data/suite_500/QF_LIA/20220307-SMPT/RC-05.smt2,cvc5::cvc5_lia_default,0.147
data/suite_500/QF_LIA/20220307-SMPT/RC-05.smt2,z3::z3_lia_arith,0.03
data/suite_500/QF_LIA/20220307-SMPT/RC-05.smt2,z3::z3_lia_default,0.037
data/suite_500/QF_LIA/20220307-SMPT/RC-07.smt2,cvc5::cvc5_lia_arith,0.004
data/suite_500/QF_LIA/20220307-SMPT/RC-07.smt2,cvc5::cvc5_lia_default,0.006
data/suite_500/QF_LIA/20220307-SMPT/RC-07.smt2,z3::z3_lia_arith,0.01
data/suite_500/QF_LIA/20220307-SMPT/RC-07.smt2,z3::z3_lia_default,0.02
data/suite_500/QF_LIA/20220307-SMPT/RC-09.smt2,cvc5::cvc5_lia_arith,0.006
data/suite_500/QF_LIA/20220307-SMPT/RC-09.smt2,cvc5::cvc5_lia_default,0.006
data/suite_500/QF_LIA/20220307-SMPT/RC-09.smt2,z3::z3_lia_arith,0.011
data/suite_500/QF_LIA/20220307-SMPT/RC-09.smt2,z3::z3_lia_default,0.016
data/suite_500/QF_LIA/20220307-SMPT/RC-09__3be6fd1cae.smt2,cvc5::cvc5_lia_arith,0.005
data/suite_500/QF_LIA/20220307-SMPT/RC-09__3be6fd1cae.smt2,cvc5::cvc5_lia_default,0.005
data/suite_500/QF_LIA/20220307-SMPT/RC-09__3be6fd1cae.smt2,z3::z3_lia_arith,0.008
data/suite_500/QF_LIA/20220307-SMPT/RC-09__3be6fd1cae.smt2,z3::z3_lia_default,0.008
data/suite_500/QF_LIA/20220307-SMPT/RC-10.smt2,cvc5::cvc5_lia_arith,0.021
data/suite_500/QF_LIA/20220307-SMPT/RC-10.smt2,cvc5::cvc5_lia_default,0.021
data/suite_500/QF_LIA/20220307-SMPT/RC-10.smt2,z3::z3_lia_arith,0.019
data/suite_500/QF_LIA/20220307-SMPT/RC-10.smt2,z3::z3_lia_default,0.017
data/suite_500/QF_LIA/20220307-SMPT/RC-11.smt2,cvc5::cvc5_lia_arith,0.003
data/suite_500/QF_LIA/20220307-SMPT/RC-11.smt2,cvc5::cvc5_lia_default,0.003
data/suite_500/QF_LIA/20220307-SMPT/RC-11.smt2,z3::z3_lia_arith,0.008
data/suite_500/QF_LIA/20220307-SMPT/RC-11.smt2,z3::z3_lia_default,0.006
data/suite_500/QF_LIA/20220307-SMPT/RC-12.smt2,cvc5::cvc5_lia_arith,0.091
data/suite_500/QF_LIA/20220307-SMPT/RC-12.smt2,cvc5::cvc5_lia_default,0.078
data/suite_500/QF_LIA/20220307-SMPT/RC-12.smt2,z3::z3_lia_arith,0.043
data/suite_500/QF_LIA/20220307-SMPT/RC-12.smt2,z3::z3_lia_default,0.043
data/suite_500/QF_LIA/20220307-SMPT/RC-12__1647a8d548.smt2,cvc5::cvc5_lia_arith,7.239
data/suite_500/QF_LIA/20220307-SMPT/RC-12__1647a8d548.smt2,cvc5::cvc5_lia_default,7.295
data/suite_500/QF_LIA/20220307-SMPT/RC-12__1647a8d548.smt2,z3::z3_lia_arith,120
data/suite_500/QF_LIA/20220307-SMPT/RC-12__1647a8d548.smt2,z3::z3_lia_default,120
data/suite_500/QF_LIA/20220307-SMPT/RC-12__eeebeff87c.smt2,cvc5::cvc5_lia_arith,0.005
data/suite_500/QF_LIA/20220307-SMPT/RC-12__eeebeff87c.smt2,cvc5::cvc5_lia_default,0.004
data/suite_500/QF_LIA/20220307-SMPT/RC-12__eeebeff87c.smt2,z3::z3_lia_arith,0.022
data/suite_500/QF_LIA/20220307-SMPT/RC-12__eeebeff87c.smt2,z3::z3_lia_default,0.007
data/suite_500/QF_LIA/20220307-SMPT/RF-01.smt2,cvc5::cvc5_lia_arith,0.109
data/suite_500/QF_LIA/20220307-SMPT/RF-01.smt2,cvc5::cvc5_lia_default,0.109
data/suite_500/QF_LIA/20220307-SMPT/RF-01.smt2,z3::z3_lia_arith,0.031
data/suite_500/QF_LIA/20220307-SMPT/RF-01.smt2,z3::z3_lia_default,0.029
data/suite_500/QF_LIA/20220307-SMPT/RF-04.smt2,cvc5::cvc5_lia_arith,0.004
data/suite_500/QF_LIA/20220307-SMPT/RF-04.smt2,cvc5::cvc5_lia_default,0.004
data/suite_500/QF_LIA/20220307-SMPT/RF-04.smt2,z3::z3_lia_arith,0.009
data/suite_500/QF_LIA/20220307-SMPT/RF-04.smt2,z3::z3_lia_default,0.007
data/suite_500/QF_LIA/20220307-SMPT/RF-04__ca2422e5d4.smt2,cvc5::cvc5_lia_arith,0.003
data/suite_500/QF_LIA/20220307-SMPT/RF-04__ca2422e5d4.smt2,cvc5::cvc5_lia_default,0.004
data/suite_500/QF_LIA/20220307-SMPT/RF-04__ca2422e5d4.smt2,z3::z3_lia_arith,0.007
data/suite_500/QF_LIA/20220307-SMPT/RF-04__ca2422e5d4.smt2,z3::z3_lia_default,0.006
data/suite_500/QF_LIA/20220307-SMPT/RF-05.smt2,cvc5::cvc5_lia_arith,0.1
data/suite_500/QF_LIA/20220307-SMPT/RF-05.smt2,cvc5::cvc5_lia_default,0.099
data/suite_500/QF_LIA/20220307-SMPT/RF-05.smt2,z3::z3_lia_arith,0.048
data/suite_500/QF_LIA/20220307-SMPT/RF-05.smt2,z3::z3_lia_default,0.053
data/suite_500/QF_LIA/20220307-SMPT/RF-06.smt2,cvc5::cvc5_lia_arith,0.003
data/suite_500/QF_LIA/20220307-SMPT/RF-06.smt2,cvc5::cvc5_lia_default,0.004
data/suite_500/QF_LIA/20220307-SMPT/RF-06.smt2,z3::z3_lia_arith,0.007
data/suite_500/QF_LIA/20220307-SMPT/RF-06.smt2,z3::z3_lia_default,0.006
data/suite_500/QF_LIA/20220307-SMPT/RF-08.smt2,cvc5::cvc5_lia_arith,0.028
data/suite_500/QF_LIA/20220307-SMPT/RF-08.smt2,cvc5::cvc5_lia_default,0.028
data/suite_500/QF_LIA/20220307-SMPT/RF-08.smt2,z3::z3_lia_arith,0.023
data/suite_500/QF_LIA/20220307-SMPT/RF-08.smt2,z3::z3_lia_default,0.03
data/suite_500/QF_LIA/20220307-SMPT/RF-09.smt2,cvc5::cvc5_lia_arith,0.003
data/suite_500/QF_LIA/20220307-SMPT/RF-09.smt2,cvc5::cvc5_lia_default,0.004
data/suite_500/QF_LIA/20220307-SMPT/RF-09.smt2,z3::z3_lia_arith,0.009
data/suite_500/QF_LIA/20220307-SMPT/RF-09.smt2,z3::z3_lia_default,0.007
data/suite_500/QF_LIA/20220307-SMPT/RF-10.smt2,cvc5::cvc5_lia_arith,0.006
data/suite_500/QF_LIA/20220307-SMPT/RF-10.smt2,cvc5::cvc5_lia_default,0.007
data/suite_500/QF_LIA/20220307-SMPT/RF-10.smt2,z3::z3_lia_arith,0.009
data/suite_500/QF_LIA/20220307-SMPT/RF-10.smt2,z3::z3_lia_default,0.008
data/suite_500/QF_LIA/20220307-SMPT/RF-11.smt2,cvc5::cvc5_lia_arith,0.018
data/suite_500/QF_LIA/20220307-SMPT/RF-11.smt2,cvc5::cvc5_lia_default,0.018
data/suite_500/QF_LIA/20220307-SMPT/RF-11.smt2,z3::z3_lia_arith,0.013
data/suite_500/QF_LIA/20220307-SMPT/RF-11.smt2,z3::z3_lia_default,0.011
data/suite_500/QF_LIA/20220307-SMPT/RF-11__213a3150a5.smt2,cvc5::cvc5_lia_arith,0.096
data/suite_500/QF_LIA/20220307-SMPT/RF-11__213a3150a5.smt2,cvc5::cvc5_lia_default,0.096
data/suite_500/QF_LIA/20220307-SMPT/RF-11__213a3150a5.smt2,z3::z3_lia_arith,0.039
data/suite_500/QF_LIA/20220307-SMPT/RF-11__213a3150a5.smt2,z3::z3_lia_default,0.041
data/suite_500/QF_LIA/20220307-SMPT/RF-12.smt2,cvc5::cvc5_lia_arith,0.003
data/suite_500/QF_LIA/20220307-SMPT/RF-12.smt2,cvc5::cvc5_lia_default,0.004
data/suite_500/QF_LIA/20220307-SMPT/RF-12.smt2,z3::z3_lia_arith,0.008
data/suite_500/QF_LIA/20220307-SMPT/RF-12.smt2,z3::z3_lia_default,0.007
data/suite_500/QF_LIA/20220307-SMPT/RF-14.smt2,cvc5::cvc5_lia_arith,0.006
data/suite_500/QF_LIA/20220307-SMPT/RF-14.smt2,cvc5::cvc5_lia_default,0.006
data/suite_500/QF_LIA/20220307-SMPT/RF-14.smt2,z3::z3_lia_arith,0.008
data/suite_500/QF_LIA/20220307-SMPT/RF-14.smt2,z3::z3_lia_default,0.008
data/suite_500/QF_LIA/20220307-SMPT/RF-14__76bc7a066c.smt2,cvc5::cvc5_lia_arith,0.012
data/suite_500/QF_LIA/20220307-SMPT/RF-14__76bc7a066c.smt2,cvc5::cvc5_lia_default,0.012
data/suite_500/QF_LIA/20220307-SMPT/RF-14__76bc7a066c.smt2,z3::z3_lia_arith,0.01
data/suite_500/QF_LIA/20220307-SMPT/RF-14__76bc7a066c.smt2,z3::z3_lia_default,0.009
data/suite_500/QF_LIA/CAV_2009_benchmarks/problem_2__004.smt2,cvc5::cvc5_lia_arith,0.111
data/suite_500/QF_LIA/CAV_2009_benchmarks/problem_2__004.smt2,cvc5::cvc5_lia_default,0.113
data/suite_500/QF_LIA/CAV_2009_benchmarks/problem_2__004.smt2,z3::z3_lia_arith,0.009
data/suite_500/QF_LIA/CAV_2009_benchmarks/problem_2__004.smt2,z3::z3_lia_default,0.007
data/suite_500/QF_LIA/CAV_2009_benchmarks/problem_2__004__c5353620d5.smt2,cvc5::cvc5_lia_arith,0.008
data/suite_500/QF_LIA/CAV_2009_benchmarks/problem_2__004__c5353620d5.smt2,cvc5::cvc5_lia_default,0.008
data/suite_500/QF_LIA/CAV_2009_benchmarks/problem_2__004__c5353620d5.smt2,z3::z3_lia_arith,0.01
data/suite_500/QF_LIA/CAV_2009_benchmarks/problem_2__004__c5353620d5.smt2,z3::z3_lia_default,0.009
data/suite_500/QF_LIA/CAV_2009_benchmarks/problem_2__005.smt2,cvc5::cvc5_lia_arith,0.031
data/suite_500/QF_LIA/CAV_2009_benchmarks/problem_2__005.smt2,cvc5::cvc5_lia_default,0.031
data/suite_500/QF_LIA/CAV_2009_benchmarks/problem_2__005.smt2,z3::z3_lia_arith,0.009
data/suite_500/QF_LIA/CAV_2009_benchmarks/problem_2__005.smt2,z3::z3_lia_default,0.009
data/suite_500/QF_LIA/CAV_2009_benchmarks/problem_2__009.smt2,cvc5::cvc5_lia_arith,0.013
data/suite_500/QF_LIA/CAV_2009_benchmarks/problem_2__009.smt2,cvc5::cvc5_lia_default,0.013
data/suite_500/QF_LIA/CAV_2009_benchmarks/problem_2__009.smt2,z3::z3_lia_arith,0.009
data/suite_500/QF_LIA/CAV_2009_benchmarks/problem_2__009.smt2,z3::z3_lia_default,0.008
data/suite_500/QF_LIA/CAV_2009_benchmarks/problem_2__012.smt2,cvc5::cvc5_lia_arith,0.041
data/suite_500/QF_LIA/CAV_2009_benchmarks/problem_2__012.smt2,cvc5::cvc5_lia_default,0.042
data/suite_500/QF_LIA/CAV_2009_benchmarks/problem_2__012.smt2,z3::z3_lia_arith,0.808
data/suite_500/QF_LIA/CAV_2009_benchmarks/problem_2__012.smt2,z3::z3_lia_default,0.009
data/suite_500/QF_LIA/CAV_2009_benchmarks/problem_2__014.smt2,cvc5::cvc5_lia_arith,0.026
data/suite_500/QF_LIA/CAV_2009_benchmarks/problem_2__014.smt2,cvc5::cvc5_lia_default,0.026
data/suite_500/QF_LIA/CAV_2009_benchmarks/problem_2__014.smt2,z3::z3_lia_arith,0.044
data/suite_500/QF_LIA/CAV_2009_benchmarks/problem_2__014.smt2,z3::z3_lia_default,0.011
data/suite_500/QF_LIA/CAV_2009_benchmarks/problem_2__017.smt2,cvc5::cvc5_lia_arith,0.169
data/suite_500/QF_LIA/CAV_2009_benchmarks/problem_2__017.smt2,cvc5::cvc5_lia_default,0.17
data/suite_500/QF_LIA/CAV_2009_benchmarks/problem_2__017.smt2,z3::z3_lia_arith,0.025
data/suite_500/QF_LIA/CAV_2009_benchmarks/problem_2__017.smt2,z3::z3_lia_default,0.04
data/suite_500/QF_LIA/CAV_2009_benchmarks/problem_2__019.smt2,cvc5::cvc5_lia_arith,0.009
data/suite_500/QF_LIA/CAV_2009_benchmarks/problem_2__019.smt2,cvc5::cvc5_lia_default,0.009
data/suite_500/QF_LIA/CAV_2009_benchmarks/problem_2__019.smt2,z3::z3_lia_arith,0.011
data/suite_500/QF_LIA/CAV_2009_benchmarks/problem_2__019.smt2,z3::z3_lia_default,0.011
data/suite_500/QF_LIA/CAV_2009_benchmarks/problem_2__021.smt2,cvc5::cvc5_lia_arith,0.45
data/suite_500/QF_LIA/CAV_2009_benchmarks/problem_2__021.smt2,cvc5::cvc5_lia_default,0.453
data/suite_500/QF_LIA/CAV_2009_benchmarks/problem_2__021.smt2,z3::z3_lia_arith,0.111
data/suite_500/QF_LIA/CAV_2009_benchmarks/problem_2__021.smt2,z3::z3_lia_default,0.06
data/suite_500/QF_LIA/CAV_2009_benchmarks/problem_2__027.smt2,cvc5::cvc5_lia_arith,0.038
data/suite_500/QF_LIA/CAV_2009_benchmarks/problem_2__027.smt2,cvc5::cvc5_lia_default,0.038
data/suite_500/QF_LIA/CAV_2009_benchmarks/problem_2__027.smt2,z3::z3_lia_arith,0.047
data/suite_500/QF_LIA/CAV_2009_benchmarks/problem_2__027.smt2,z3::z3_lia_default,0.218
data/suite_500/QF_LIA/CAV_2009_benchmarks/problem_2__029.smt2,cvc5::cvc5_lia_arith,0.976
data/suite_500/QF_LIA/CAV_2009_benchmarks/problem_2__029.smt2,cvc5::cvc5_lia_default,0.965
data/suite_500/QF_LIA/CAV_2009_benchmarks/problem_2__029.smt2,z3::z3_lia_arith,0.032
data/suite_500/QF_LIA/CAV_2009_benchmarks/problem_2__029.smt2,z3::z3_lia_default,0.254
data/suite_500/QF_LIA/CAV_2009_benchmarks/problem_2__032.smt2,cvc5::cvc5_lia_arith,1.046
data/suite_500/QF_LIA/CAV_2009_benchmarks/problem_2__032.smt2,cvc5::cvc5_lia_default,1.031
data/suite_500/QF_LIA/CAV_2009_benchmarks/problem_2__032.smt2,z3::z3_lia_arith,0.337
data/suite_500/QF_LIA/CAV_2009_benchmarks/problem_2__032.smt2,z3::z3_lia_default,1.197
data/suite_500/QF_LIA/CAV_2009_benchmarks/problem_2__032__2731284ecc.smt2,cvc5::cvc5_lia_arith,0.649
data/suite_500/QF_LIA/CAV_2009_benchmarks/problem_2__032__2731284ecc.smt2,cvc5::cvc5_lia_default,0.652
data/suite_500/QF_LIA/CAV_2009_benchmarks/problem_2__032__2731284ecc.smt2,z3::z3_lia_arith,0.187
data/suite_500/QF_LIA/CAV_2009_benchmarks/problem_2__032__2731284ecc.smt2,z3::z3_lia_default,0.019
data/suite_500/QF_LIA/CAV_2009_benchmarks/problem__001.smt2,cvc5::cvc5_lia_arith,0.03
data/suite_500/QF_LIA/CAV_2009_benchmarks/problem__001.smt2,cvc5::cvc5_lia_default,0.03
data/suite_500/QF_LIA/CAV_2009_benchmarks/problem__001.smt2,z3::z3_lia_arith,2.102
data/suite_500/QF_LIA/CAV_2009_benchmarks/problem__001.smt2,z3::z3_lia_default,0.008
data/suite_500/QF_LIA/CAV_2009_benchmarks/problem__002.smt2,cvc5::cvc5_lia_arith,0.191
data/suite_500/QF_LIA/CAV_2009_benchmarks/problem__002.smt2,cvc5::cvc5_lia_default,0.201
data/suite_500/QF_LIA/CAV_2009_benchmarks/problem__002.smt2,z3::z3_lia_arith,0.01
data/suite_500/QF_LIA/CAV_2009_benchmarks/problem__002.smt2,z3::z3_lia_default,0.009
data/suite_500/QF_LIA/CAV_2009_benchmarks/problem__003.smt2,cvc5::cvc5_lia_arith,0.031
data/suite_500/QF_LIA/CAV_2009_benchmarks/problem__003.smt2,cvc5::cvc5_lia_default,0.031
data/suite_500/QF_LIA/CAV_2009_benchmarks/problem__003.smt2,z3::z3_lia_arith,0.016
data/suite_500/QF_LIA/CAV_2009_benchmarks/problem__003.smt2,z3::z3_lia_default,0.048
data/suite_500/QF_LIA/CAV_2009_benchmarks/problem__005.smt2,cvc5::cvc5_lia_arith,0.097
data/suite_500/QF_LIA/CAV_2009_benchmarks/problem__005.smt2,cvc5::cvc5_lia_default,0.094
data/suite_500/QF_LIA/CAV_2009_benchmarks/problem__005.smt2,z3::z3_lia_arith,0.041
data/suite_500/QF_LIA/CAV_2009_benchmarks/problem__005.smt2,z3::z3_lia_default,0.015
data/suite_500/QF_LIA/CAV_2009_benchmarks/problem__005__5f8089b1dd.smt2,cvc5::cvc5_lia_arith,0.108
data/suite_500/QF_LIA/CAV_2009_benchmarks/problem__005__5f8089b1dd.smt2,cvc5::cvc5_lia_default,0.109
data/suite_500/QF_LIA/CAV_2009_benchmarks/problem__005__5f8089b1dd.smt2,z3::z3_lia_arith,0.012
data/suite_500/QF_LIA/CAV_2009_benchmarks/problem__005__5f8089b1dd.smt2,z3::z3_lia_default,0.025
data/suite_500/QF_LIA/CAV_2009_benchmarks/problem__008.smt2,cvc5::cvc5_lia_arith,0.196
data/suite_500/QF_LIA/CAV_2009_benchmarks/problem__008.smt2,cvc5::cvc5_lia_default,0.2
data/suite_500/QF_LIA/CAV_2009_benchmarks/problem__008.smt2,z3::z3_lia_arith,0.014
data/suite_500/QF_LIA/CAV_2009_benchmarks/problem__008.smt2,z3::z3_lia_default,0.008
data/suite_500/QF_LIA/CAV_2009_benchmarks/problem__009.smt2,cvc5::cvc5_lia_arith,0.15
data/suite_500/QF_LIA/CAV_2009_benchmarks/problem__009.smt2,cvc5::cvc5_lia_default,0.146
data/suite_500/QF_LIA/CAV_2009_benchmarks/problem__009.smt2,z3::z3_lia_arith,0.009
data/suite_500/QF_LIA/CAV_2009_benchmarks/problem__009.smt2,z3::z3_lia_default,0.008
data/suite_500/QF_LIA/CAV_2009_benchmarks/problem__023.smt2,cvc5::cvc5_lia_arith,0.027
data/suite_500/QF_LIA/CAV_2009_benchmarks/problem__023.smt2,cvc5::cvc5_lia_default,0.028
data/suite_500/QF_LIA/CAV_2009_benchmarks/problem__023.smt2,z3::z3_lia_arith,0.031
data/suite_500/QF_LIA/CAV_2009_benchmarks/problem__023.smt2,z3::z3_lia_default,0.063
data/suite_500/QF_LIA/CAV_2009_benchmarks/problem__029.smt2,cvc5::cvc5_lia_arith,0.039
data/suite_500/QF_LIA/CAV_2009_benchmarks/problem__029.smt2,cvc5::cvc5_lia_default,0.039
data/suite_500/QF_LIA/CAV_2009_benchmarks/problem__029.smt2,z3::z3_lia_arith,0.083
data/suite_500/QF_LIA/CAV_2009_benchmarks/problem__029.smt2,z3::z3_lia_default,0.367
data/suite_500/QF_LIA/CAV_2009_benchmarks/problem__030.smt2,cvc5::cvc5_lia_arith,0.594
data/suite_500/QF_LIA/CAV_2009_benchmarks/problem__030.smt2,cvc5::cvc5_lia_default,0.603
data/suite_500/QF_LIA/CAV_2009_benchmarks/problem__030.smt2,z3::z3_lia_arith,0.088
data/suite_500/QF_LIA/CAV_2009_benchmarks/problem__030.smt2,z3::z3_lia_default,0.085
data/suite_500/QF_LIA/CAV_2009_benchmarks/problem__030__933362b9a3.smt2,cvc5::cvc5_lia_arith,120
data/suite_500/QF_LIA/CAV_2009_benchmarks/problem__030__933362b9a3.smt2,cvc5::cvc5_lia_default,120
data/suite_500/QF_LIA/CAV_2009_benchmarks/problem__030__933362b9a3.smt2,z3::z3_lia_arith,0.153
data/suite_500/QF_LIA/CAV_2009_benchmarks/problem__030__933362b9a3.smt2,z3::z3_lia_default,0.186
data/suite_500/QF_LIA/CAV_2009_benchmarks/problem__035.smt2,cvc5::cvc5_lia_arith,0.005
data/suite_500/QF_LIA/CAV_2009_benchmarks/problem__035.smt2,cvc5::cvc5_lia_default,0.006
data/suite_500/QF_LIA/CAV_2009_benchmarks/problem__035.smt2,z3::z3_lia_arith,0.009
data/suite_500/QF_LIA/CAV_2009_benchmarks/problem__035.smt2,z3::z3_lia_default,0.008
data/suite_500/QF_LIA/bofill-scheduling/ex12900_2600_100.smt2,cvc5::cvc5_lia_arith,0.142
data/suite_500/QF_LIA/bofill-scheduling/ex12900_2600_100.smt2,cvc5::cvc5_lia_default,0.143
data/suite_500/QF_LIA/bofill-scheduling/ex12900_2600_100.smt2,z3::z3_lia_arith,0.077
data/suite_500/QF_LIA/bofill-scheduling/ex12900_2600_100.smt2,z3::z3_lia_default,0.087
data/suite_500/QF_LIA/bofill-scheduling/ex17000_2600_100.smt2,cvc5::cvc5_lia_arith,1.212
data/suite_500/QF_LIA/bofill-scheduling/ex17000_2600_100.smt2,cvc5::cvc5_lia_default,0.833
data/suite_500/QF_LIA/bofill-scheduling/ex17000_2600_100.smt2,z3::z3_lia_arith,0.165
data/suite_500/QF_LIA/bofill-scheduling/ex17000_2600_100.smt2,z3::z3_lia_default,0.606
data/suite_500/QF_LIA/bofill-scheduling/ex18600_2600_100.smt2,cvc5::cvc5_lia_arith,0.28
data/suite_500/QF_LIA/bofill-scheduling/ex18600_2600_100.smt2,cvc5::cvc5_lia_default,0.284
data/suite_500/QF_LIA/bofill-scheduling/ex18600_2600_100.smt2,z3::z3_lia_arith,0.169
data/suite_500/QF_LIA/bofill-scheduling/ex18600_2600_100.smt2,z3::z3_lia_default,0.705
data/suite_500/QF_LIA/bofill-scheduling/ex19400_2600_100.smt2,cvc5::cvc5_lia_arith,0.318
data/suite_500/QF_LIA/bofill-scheduling/ex19400_2600_100.smt2,cvc5::cvc5_lia_default,0.353
data/suite_500/QF_LIA/bofill-scheduling/ex19400_2600_100.smt2,z3::z3_lia_arith,0.151
data/suite_500/QF_LIA/bofill-scheduling/ex19400_2600_100.smt2,z3::z3_lia_default,0.929
data/suite_500/QF_LIA/bofill-scheduling/ex19600_2600_100.smt2,cvc5::cvc5_lia_arith,0.402
data/suite_500/QF_LIA/bofill-scheduling/ex19600_2600_100.smt2,cvc5::cvc5_lia_default,0.456
data/suite_500/QF_LIA/bofill-scheduling/ex19600_2600_100.smt2,z3::z3_lia_arith,0.206
data/suite_500/QF_LIA/bofill-scheduling/ex19600_2600_100.smt2,z3::z3_lia_default,1.039
data/suite_500/QF_LIA/bofill-scheduling/ex20100_2600_100.smt2,cvc5::cvc5_lia_arith,0.421
data/suite_500/QF_LIA/bofill-scheduling/ex20100_2600_100.smt2,cvc5::cvc5_lia_default,0.445
data/suite_500/QF_LIA/bofill-scheduling/ex20100_2600_100.smt2,z3::z3_lia_arith,0.171
data/suite_500/QF_LIA/bofill-scheduling/ex20100_2600_100.smt2,z3::z3_lia_default,0.74
data/suite_500/QF_LIA/bofill-scheduling/ex21600_2600_100.smt2,cvc5::cvc5_lia_arith,0.351
data/suite_500/QF_LIA/bofill-scheduling/ex21600_2600_100.smt2,cvc5::cvc5_lia_default,0.401
data/suite_500/QF_LIA/bofill-scheduling/ex21600_2600_100.smt2,z3::z3_lia_arith,0.166
data/suite_500/QF_LIA/bofill-scheduling/ex21600_2600_100.smt2,z3::z3_lia_default,0.789
data/suite_500/QF_LIA/bofill-scheduling/ex24200_2600_100.smt2,cvc5::cvc5_lia_arith,0.397
data/suite_500/QF_LIA/bofill-scheduling/ex24200_2600_100.smt2,cvc5::cvc5_lia_default,0.444
data/suite_500/QF_LIA/bofill-scheduling/ex24200_2600_100.smt2,z3::z3_lia_arith,0.16
data/suite_500/QF_LIA/bofill-scheduling/ex24200_2600_100.smt2,z3::z3_lia_default,0.721
data/suite_500/QF_LIA/bofill-scheduling/ex24900_2600_100.smt2,cvc5::cvc5_lia_arith,0.264
data/suite_500/QF_LIA/bofill-scheduling/ex24900_2600_100.smt2,cvc5::cvc5_lia_default,0.275
data/suite_500/QF_LIA/bofill-scheduling/ex24900_2600_100.smt2,z3::z3_lia_arith,0.139
data/suite_500/QF_LIA/bofill-scheduling/ex24900_2600_100.smt2,z3::z3_lia_default,0.624
data/suite_500/QF_LIA/bofill-scheduling/ex26400_2600_100.smt2,cvc5::cvc5_lia_arith,0.404
data/suite_500/QF_LIA/bofill-scheduling/ex26400_2600_100.smt2,cvc5::cvc5_lia_default,0.431
data/suite_500/QF_LIA/bofill-scheduling/ex26400_2600_100.smt2,z3::z3_lia_arith,0.165
data/suite_500/QF_LIA/bofill-scheduling/ex26400_2600_100.smt2,z3::z3_lia_default,0.702
data/suite_500/QF_LIA/bofill-scheduling/ex28100_2600_100.smt2,cvc5::cvc5_lia_arith,0.346
data/suite_500/QF_LIA/bofill-scheduling/ex28100_2600_100.smt2,cvc5::cvc5_lia_default,0.392
data/suite_500/QF_LIA/bofill-scheduling/ex28100_2600_100.smt2,z3::z3_lia_arith,0.165
data/suite_500/QF_LIA/bofill-scheduling/ex28100_2600_100.smt2,z3::z3_lia_default,0.694
data/suite_500/QF_LIA/bofill-scheduling/ex3040_2400_100.smt2,cvc5::cvc5_lia_arith,0.132
data/suite_500/QF_LIA/bofill-scheduling/ex3040_2400_100.smt2,cvc5::cvc5_lia_default,0.134
data/suite_500/QF_LIA/bofill-scheduling/ex3040_2400_100.smt2,z3::z3_lia_arith,0.066
data/suite_500/QF_LIA/bofill-scheduling/ex3040_2400_100.smt2,z3::z3_lia_default,0.068
data/suite_500/QF_LIA/bofill-scheduling/ex3440_2400_100.smt2,cvc5::cvc5_lia_arith,0.116
data/suite_500/QF_LIA/bofill-scheduling/ex3440_2400_100.smt2,cvc5::cvc5_lia_default,0.118
data/suite_500/QF_LIA/bofill-scheduling/ex3440_2400_100.smt2,z3::z3_lia_arith,0.064
data/suite_500/QF_LIA/bofill-scheduling/ex3440_2400_100.smt2,z3::z3_lia_default,0.064
data/suite_500/QF_LIA/bofill-scheduling/ex3840_2400_100.smt2,cvc5::cvc5_lia_arith,0.118
data/suite_500/QF_LIA/bofill-scheduling/ex3840_2400_100.smt2,cvc5::cvc5_lia_default,0.116
data/suite_500/QF_LIA/bofill-scheduling/ex3840_2400_100.smt2,z3::z3_lia_arith,0.065
data/suite_500/QF_LIA/bofill-scheduling/ex3840_2400_100.smt2,z3::z3_lia_default,0.065
data/suite_500/QF_LIA/bofill-scheduling/ex4060_2400_100.smt2,cvc5::cvc5_lia_arith,0.108
data/suite_500/QF_LIA/bofill-scheduling/ex4060_2400_100.smt2,cvc5::cvc5_lia_default,0.108
data/suite_500/QF_LIA/bofill-scheduling/ex4060_2400_100.smt2,z3::z3_lia_arith,0.065
data/suite_500/QF_LIA/bofill-scheduling/ex4060_2400_100.smt2,z3::z3_lia_default,0.065
data/suite_500/QF_LIA/bofill-scheduling/ex4720_2400_100.smt2,cvc5::cvc5_lia_arith,0.112
data/suite_500/QF_LIA/bofill-scheduling/ex4720_2400_100.smt2,cvc5::cvc5_lia_default,0.11
data/suite_500/QF_LIA/bofill-scheduling/ex4720_2400_100.smt2,z3::z3_lia_arith,0.064
data/suite_500/QF_LIA/bofill-scheduling/ex4720_2400_100.smt2,z3::z3_lia_default,0.065
data/suite_500/QF_LIA/bofill-scheduling/ex4800_2400_100.smt2,cvc5::cvc5_lia_arith,0.088
data/suite_500/QF_LIA/bofill-scheduling/ex4800_2400_100.smt2,cvc5::cvc5_lia_default,0.09
data/suite_500/QF_LIA/bofill-scheduling/ex4800_2400_100.smt2,z3::z3_lia_arith,0.053
data/suite_500/QF_LIA/bofill-scheduling/ex4800_2400_100.smt2,z3::z3_lia_default,0.054
data/suite_500/QF_LIA/bofill-scheduling/ex5600_2600_100.smt2,cvc5::cvc5_lia_arith,0.159
data/suite_500/QF_LIA/bofill-scheduling/ex5600_2600_100.smt2,cvc5::cvc5_lia_default,0.167
data/suite_500/QF_LIA/bofill-scheduling/ex5600_2600_100.smt2,z3::z3_lia_arith,0.084
data/suite_500/QF_LIA/bofill-scheduling/ex5600_2600_100.smt2,z3::z3_lia_default,0.083
data/suite_500/QF_LIA/bofill-scheduling/ex6000_2400_100.smt2,cvc5::cvc5_lia_arith,0.739
data/suite_500/QF_LIA/bofill-scheduling/ex6000_2400_100.smt2,cvc5::cvc5_lia_default,0.739
data/suite_500/QF_LIA/bofill-scheduling/ex6000_2400_100.smt2,z3::z3_lia_arith,0.223
data/suite_500/QF_LIA/bofill-scheduling/ex6000_2400_100.smt2,z3::z3_lia_default,1.863
data/suite_500/QF_LIA/bofill-scheduling/ex6880_2400_100.smt2,cvc5::cvc5_lia_arith,0.455
data/suite_500/QF_LIA/bofill-scheduling/ex6880_2400_100.smt2,cvc5::cvc5_lia_default,0.403
data/suite_500/QF_LIA/bofill-scheduling/ex6880_2400_100.smt2,z3::z3_lia_arith,0.234
data/suite_500/QF_LIA/bofill-scheduling/ex6880_2400_100.smt2,z3::z3_lia_default,1.682
data/suite_500/QF_LIA/bofill-scheduling/ex7080_2400_100.smt2,cvc5::cvc5_lia_arith,0.458
data/suite_500/QF_LIA/bofill-scheduling/ex7080_2400_100.smt2,cvc5::cvc5_lia_default,0.493
data/suite_500/QF_LIA/bofill-scheduling/ex7080_2400_100.smt2,z3::z3_lia_arith,0.191
data/suite_500/QF_LIA/bofill-scheduling/ex7080_2400_100.smt2,z3::z3_lia_default,0.876
data/suite_500/QF_LIA/bofill-scheduling/ex7240_2400_100.smt2,cvc5::cvc5_lia_arith,0.359
data/suite_500/QF_LIA/bofill-scheduling/ex7240_2400_100.smt2,cvc5::cvc5_lia_default,0.411
data/suite_500/QF_LIA/bofill-scheduling/ex7240_2400_100.smt2,z3::z3_lia_arith,0.127
data/suite_500/QF_LIA/bofill-scheduling/ex7240_2400_100.smt2,z3::z3_lia_default,0.664
data/suite_500/QF_LIA/bofill-scheduling/ex7800_2600_100.smt2,cvc5::cvc5_lia_arith,0.137
data/suite_500/QF_LIA/bofill-scheduling/ex7800_2600_100.smt2,cvc5::cvc5_lia_default,0.147
data/suite_500/QF_LIA/bofill-scheduling/ex7800_2600_100.smt2,z3::z3_lia_arith,0.076
data/suite_500/QF_LIA/bofill-scheduling/ex7800_2600_100.smt2,z3::z3_lia_default,0.077
data/suite_500/QF_LIA/bofill-scheduling/ex8580_2400_100.smt2,cvc5::cvc5_lia_arith,0.385
data/suite_500/QF_LIA/bofill-scheduling/ex8580_2400_100.smt2,cvc5::cvc5_lia_default,0.409
data/suite_500/QF_LIA/bofill-scheduling/ex8580_2400_100.smt2,z3::z3_lia_arith,0.129
data/suite_500/QF_LIA/bofill-scheduling/ex8580_2400_100.smt2,z3::z3_lia_default,0.852
data/suite_500/QF_LIA/bofill-scheduling/ex8820_2400_100.smt2,cvc5::cvc5_lia_arith,0.422
data/suite_500/QF_LIA/bofill-scheduling/ex8820_2400_100.smt2,cvc5::cvc5_lia_default,0.454
data/suite_500/QF_LIA/bofill-scheduling/ex8820_2400_100.smt2,z3::z3_lia_arith,0.114
data/suite_500/QF_LIA/bofill-scheduling/ex8820_2400_100.smt2,z3::z3_lia_default,0.535
data/suite_500/QF_LIA/convert/convert-jpg2gif-query-1149.smt2,cvc5::cvc5_lia_arith,0.672
data/suite_500/QF_LIA/convert/convert-jpg2gif-query-1149.smt2,cvc5::cvc5_lia_default,0.673
data/suite_500/QF_LIA/convert/convert-jpg2gif-query-1149.smt2,z3::z3_lia_arith,0.317
data/suite_500/QF_LIA/convert/convert-jpg2gif-query-1149.smt2,z3::z3_lia_default,0.033
data/suite_500/QF_LIA/convert/convert-jpg2gif-query-1165.smt2,cvc5::cvc5_lia_arith,0.749
data/suite_500/QF_LIA/convert/convert-jpg2gif-query-1165.smt2,cvc5::cvc5_lia_default,0.759
data/suite_500/QF_LIA/convert/convert-jpg2gif-query-1165.smt2,z3::z3_lia_arith,0.034
data/suite_500/QF_LIA/convert/convert-jpg2gif-query-1165.smt2,z3::z3_lia_default,0.034
data/suite_500/QF_LIA/convert/convert-jpg2gif-query-1173.smt2,cvc5::cvc5_lia_arith,0.758
data/suite_500/QF_LIA/convert/convert-jpg2gif-query-1173.smt2,cvc5::cvc5_lia_default,0.751
data/suite_500/QF_LIA/convert/convert-jpg2gif-query-1173.smt2,z3::z3_lia_arith,0.035
data/suite_500/QF_LIA/convert/convert-jpg2gif-query-1173.smt2,z3::z3_lia_default,0.035
data/suite_500/QF_LIA/convert/convert-jpg2gif-query-1175.smt2,cvc5::cvc5_lia_arith,0.62
data/suite_500/QF_LIA/convert/convert-jpg2gif-query-1175.smt2,cvc5::cvc5_lia_default,0.621
data/suite_500/QF_LIA/convert/convert-jpg2gif-query-1175.smt2,z3::z3_lia_arith,0.029
data/suite_500/QF_LIA/convert/convert-jpg2gif-query-1175.smt2,z3::z3_lia_default,0.03
data/suite_500/QF_LIA/convert/convert-jpg2gif-query-1184.smt2,cvc5::cvc5_lia_arith,2.835
data/suite_500/QF_LIA/convert/convert-jpg2gif-query-1184.smt2,cvc5::cvc5_lia_default,2.827
data/suite_500/QF_LIA/convert/convert-jpg2gif-query-1184.smt2,z3::z3_lia_arith,0.053
data/suite_500/QF_LIA/convert/convert-jpg2gif-query-1184.smt2,z3::z3_lia_default,0.042
data/suite_500/QF_LIA/convert/convert-jpg2gif-query-1200.smt2,cvc5::cvc5_lia_arith,2.722
data/suite_500/QF_LIA/convert/convert-jpg2gif-query-1200.smt2,cvc5::cvc5_lia_default,2.77
data/suite_500/QF_LIA/convert/convert-jpg2gif-query-1200.smt2,z3::z3_lia_arith,0.045
data/suite_500/QF_LIA/convert/convert-jpg2gif-query-1200.smt2,z3::z3_lia_default,0.04
data/suite_500/QF_LIA/convert/convert-jpg2gif-query-1204.smt2,cvc5::cvc5_lia_arith,2.031
data/suite_500/QF_LIA/convert/convert-jpg2gif-query-1204.smt2,cvc5::cvc5_lia_default,2.07
data/suite_500/QF_LIA/convert/convert-jpg2gif-query-1204.smt2,z3::z3_lia_arith,0.041
data/suite_500/QF_LIA/convert/convert-jpg2gif-query-1204.smt2,z3::z3_lia_default,0.039
data/suite_500/QF_LIA/convert/convert-jpg2gif-query-1352.smt2,cvc5::cvc5_lia_arith,4.536
data/suite_500/QF_LIA/convert/convert-jpg2gif-query-1352.smt2,cvc5::cvc5_lia_default,4.565
data/suite_500/QF_LIA/convert/convert-jpg2gif-query-1352.smt2,z3::z3_lia_arith,0.051
data/suite_500/QF_LIA/convert/convert-jpg2gif-query-1352.smt2,z3::z3_lia_default,0.045
data/suite_500/QF_LIA/convert/convert-jpg2gif-query-1410.smt2,cvc5::cvc5_lia_arith,9.005
data/suite_500/QF_LIA/convert/convert-jpg2gif-query-1410.smt2,cvc5::cvc5_lia_default,9.158
data/suite_500/QF_LIA/convert/convert-jpg2gif-query-1410.smt2,z3::z3_lia_arith,0.144
data/suite_500/QF_LIA/convert/convert-jpg2gif-query-1410.smt2,z3::z3_lia_default,0.057
data/suite_500/QF_LIA/convert/convert-jpg2gif-query-1414.smt2,cvc5::cvc5_lia_arith,10.053
data/suite_500/QF_LIA/convert/convert-jpg2gif-query-1414.smt2,cvc5::cvc5_lia_default,10.261
data/suite_500/QF_LIA/convert/convert-jpg2gif-query-1414.smt2,z3::z3_lia_arith,0.09
data/suite_500/QF_LIA/convert/convert-jpg2gif-query-1414.smt2,z3::z3_lia_default,0.078
data/suite_500/QF_LIA/convert/convert-jpg2gif-query-1430.smt2,cvc5::cvc5_lia_arith,10.176
data/suite_500/QF_LIA/convert/convert-jpg2gif-query-1430.smt2,cvc5::cvc5_lia_default,10.133
data/suite_500/QF_LIA/convert/convert-jpg2gif-query-1430.smt2,z3::z3_lia_arith,9.259
data/suite_500/QF_LIA/convert/convert-jpg2gif-query-1430.smt2,z3::z3_lia_default,0.073
data/suite_500/QF_LIA/convert/convert-jpg2gif-query-1463.smt2,cvc5::cvc5_lia_arith,10.238
data/suite_500/QF_LIA/convert/convert-jpg2gif-query-1463.smt2,cvc5::cvc5_lia_default,10.377
data/suite_500/QF_LIA/convert/convert-jpg2gif-query-1463.smt2,z3::z3_lia_arith,4.277
data/suite_500/QF_LIA/convert/convert-jpg2gif-query-1463.smt2,z3::z3_lia_default,0.066
data/suite_500/QF_LIA/convert/convert-jpg2gif-query-1498.smt2,cvc5::cvc5_lia_arith,33.353
data/suite_500/QF_LIA/convert/convert-jpg2gif-query-1498.smt2,cvc5::cvc5_lia_default,34.441
data/suite_500/QF_LIA/convert/convert-jpg2gif-query-1498.smt2,z3::z3_lia_arith,10.941
data/suite_500/QF_LIA/convert/convert-jpg2gif-query-1498.smt2,z3::z3_lia_default,1.487
data/suite_500/QF_LIA/convert/convert-jpg2gif-query-1541.smt2,cvc5::cvc5_lia_arith,120
data/suite_500/QF_LIA/convert/convert-jpg2gif-query-1541.smt2,cvc5::cvc5_lia_default,120
data/suite_500/QF_LIA/convert/convert-jpg2gif-query-1541.smt2,z3::z3_lia_arith,120
data/suite_500/QF_LIA/convert/convert-jpg2gif-query-1541.smt2,z3::z3_lia_default,1.668
data/suite_500/QF_LIA/convert/convert-jpg2gif-query-1548.smt2,cvc5::cvc5_lia_arith,55.09
data/suite_500/QF_LIA/convert/convert-jpg2gif-query-1548.smt2,cvc5::cvc5_lia_default,58.016
data/suite_500/QF_LIA/convert/convert-jpg2gif-query-1548.smt2,z3::z3_lia_arith,0.309
data/suite_500/QF_LIA/convert/convert-jpg2gif-query-1548.smt2,z3::z3_lia_default,1.452
data/suite_500/QF_LIA/convert/convert-jpg2gif-query-1571.smt2,cvc5::cvc5_lia_arith,120
data/suite_500/QF_LIA/convert/convert-jpg2gif-query-1571.smt2,cvc5::cvc5_lia_default,120
data/suite_500/QF_LIA/convert/convert-jpg2gif-query-1571.smt2,z3::z3_lia_arith,25.214
data/suite_500/QF_LIA/convert/convert-jpg2gif-query-1571.smt2,z3::z3_lia_default,2.549
data/suite_500/QF_LIA/convert/convert-jpg2gif-query-1572.smt2,cvc5::cvc5_lia_arith,43.496
data/suite_500/QF_LIA/convert/convert-jpg2gif-query-1572.smt2,cvc5::cvc5_lia_default,45.107
data/suite_500/QF_LIA/convert/convert-jpg2gif-query-1572.smt2,z3::z3_lia_arith,0.63
data/suite_500/QF_LIA/convert/convert-jpg2gif-query-1572.smt2,z3::z3_lia_default,5.377
data/suite_500/QF_LIA/convert/convert-jpg2gif-query-1597.smt2,cvc5::cvc5_lia_arith,120
data/suite_500/QF_LIA/convert/convert-jpg2gif-query-1597.smt2,cvc5::cvc5_lia_default,120
data/suite_500/QF_LIA/convert/convert-jpg2gif-query-1597.smt2,z3::z3_lia_arith,10.669
data/suite_500/QF_LIA/convert/convert-jpg2gif-query-1597.smt2,z3::z3_lia_default,5.403
data/suite_500/QF_LIA/convert/convert-jpg2gif-query-1605.smt2,cvc5::cvc5_lia_arith,53.585
data/suite_500/QF_LIA/convert/convert-jpg2gif-query-1605.smt2,cvc5::cvc5_lia_default,55.481
data/suite_500/QF_LIA/convert/convert-jpg2gif-query-1605.smt2,z3::z3_lia_arith,9.484
data/suite_500/QF_LIA/convert/convert-jpg2gif-query-1605.smt2,z3::z3_lia_default,5.237
data/suite_500/QF_LIA/convert/convert-jpg2gif-query-1612.smt2,cvc5::cvc5_lia_arith,120
data/suite_500/QF_LIA/convert/convert-jpg2gif-query-1612.smt2,cvc5::cvc5_lia_default,120
data/suite_500/QF_LIA/convert/convert-jpg2gif-query-1612.smt2,z3::z3_lia_arith,0.35
data/suite_500/QF_LIA/convert/convert-jpg2gif-query-1612.smt2,z3::z3_lia_default,5.304
data/suite_500/QF_LIA/convert/convert-jpg2gif-query-2124.smt2,cvc5::cvc5_lia_arith,0.032
data/suite_500/QF_LIA/convert/convert-jpg2gif-query-2124.smt2,cvc5::cvc5_lia_default,0.032
data/suite_500/QF_LIA/convert/convert-jpg2gif-query-2124.smt2,z3::z3_lia_arith,0.016
data/suite_500/QF_LIA/convert/convert-jpg2gif-query-2124.smt2,z3::z3_lia_default,0.014
data/suite_500/QF_LIA/convert/convert-jpg2gif-query-2126.smt2,cvc5::cvc5_lia_arith,0.027
data/suite_500/QF_LIA/convert/convert-jpg2gif-query-2126.smt2,cvc5::cvc5_lia_default,0.028
data/suite_500/QF_LIA/convert/convert-jpg2gif-query-2126.smt2,z3::z3_lia_arith,0.014
data/suite_500/QF_LIA/convert/convert-jpg2gif-query-2126.smt2,z3::z3_lia_default,0.021
data/suite_500/QF_LIA/convert/convert-jpg2gif-query-2127.smt2,cvc5::cvc5_lia_arith,0.014
data/suite_500/QF_LIA/convert/convert-jpg2gif-query-2127.smt2,cvc5::cvc5_lia_default,0.015
data/suite_500/QF_LIA/convert/convert-jpg2gif-query-2127.smt2,z3::z3_lia_arith,0.02
data/suite_500/QF_LIA/convert/convert-jpg2gif-query-2127.smt2,z3::z3_lia_default,0.02
data/suite_500/QF_LIA/convert/convert-jpg2gif-query-2134.smt2,cvc5::cvc5_lia_arith,0.017
data/suite_500/QF_LIA/convert/convert-jpg2gif-query-2134.smt2,cvc5::cvc5_lia_default,0.017
data/suite_500/QF_LIA/convert/convert-jpg2gif-query-2134.smt2,z3::z3_lia_arith,0.012
data/suite_500/QF_LIA/convert/convert-jpg2gif-query-2134.smt2,z3::z3_lia_default,0.011
data/suite_500/QF_LIA/convert/convert-jpg2gif-query-2140.smt2,cvc5::cvc5_lia_arith,0.017
data/suite_500/QF_LIA/convert/convert-jpg2gif-query-2140.smt2,cvc5::cvc5_lia_default,0.021
data/suite_500/QF_LIA/convert/convert-jpg2gif-query-2140.smt2,z3::z3_lia_arith,0.016
data/suite_500/QF_LIA/convert/convert-jpg2gif-query-2140.smt2,z3::z3_lia_default,0.012
data/suite_500/QF_LIA/dillig/10-9.smt2,cvc5::cvc5_lia_arith,0.003
data/suite_500/QF_LIA/dillig/10-9.smt2,cvc5::cvc5_lia_default,0.004
data/suite_500/QF_LIA/dillig/10-9.smt2,z3::z3_lia_arith,0.007
data/suite_500/QF_LIA/dillig/10-9.smt2,z3::z3_lia_default,0.007
data/suite_500/QF_LIA/dillig/15-18.smt2,cvc5::cvc5_lia_arith,0.033
data/suite_500/QF_LIA/dillig/15-18.smt2,cvc5::cvc5_lia_default,0.033
data/suite_500/QF_LIA/dillig/15-18.smt2,z3::z3_lia_arith,0.021
data/suite_500/QF_LIA/dillig/15-18.smt2,z3::z3_lia_default,0.008
data/suite_500/QF_LIA/dillig/15-3.smt2,cvc5::cvc5_lia_arith,0.011
data/suite_500/QF_LIA/dillig/15-3.smt2,cvc5::cvc5_lia_default,0.011
data/suite_500/QF_LIA/dillig/15-3.smt2,z3::z3_lia_arith,0.008
data/suite_500/QF_LIA/dillig/15-3.smt2,z3::z3_lia_default,0.008
data/suite_500/QF_LIA/dillig/20-15.smt2,cvc5::cvc5_lia_arith,0.049
data/suite_500/QF_LIA/dillig/20-15.smt2,cvc5::cvc5_lia_default,0.049
data/suite_500/QF_LIA/dillig/20-15.smt2,z3::z3_lia_arith,0.021
data/suite_500/QF_LIA/dillig/20-15.smt2,z3::z3_lia_default,0.009
data/suite_500/QF_LIA/dillig/20-22.smt2,cvc5::cvc5_lia_arith,0.042
data/suite_500/QF_LIA/dillig/20-22.smt2,cvc5::cvc5_lia_default,0.043
data/suite_500/QF_LIA/dillig/20-22.smt2,z3::z3_lia_arith,0.018
data/suite_500/QF_LIA/dillig/20-22.smt2,z3::z3_lia_default,0.02
data/suite_500/QF_LIA/dillig/20-30.smt2,cvc5::cvc5_lia_arith,0.715
data/suite_500/QF_LIA/dillig/20-30.smt2,cvc5::cvc5_lia_default,0.714
data/suite_500/QF_LIA/dillig/20-30.smt2,z3::z3_lia_arith,0.243
data/suite_500/QF_LIA/dillig/20-30.smt2,z3::z3_lia_default,0.286
data/suite_500/QF_LIA/dillig/25-20.smt2,cvc5::cvc5_lia_arith,0.066
data/suite_500/QF_LIA/dillig/25-20.smt2,cvc5::cvc5_lia_default,0.066
data/suite_500/QF_LIA/dillig/25-20.smt2,z3::z3_lia_arith,0.048
data/suite_500/QF_LIA/dillig/25-20.smt2,z3::z3_lia_default,0.015
data/suite_500/QF_LIA/dillig/25-26.smt2,cvc5::cvc5_lia_arith,0.32
data/suite_500/QF_LIA/dillig/25-26.smt2,cvc5::cvc5_lia_default,0.32
data/suite_500/QF_LIA/dillig/25-26.smt2,z3::z3_lia_arith,120
data/suite_500/QF_LIA/dillig/25-26.smt2,z3::z3_lia_default,1.164
data/suite_500/QF_LIA/dillig/25-30.smt2,cvc5::cvc5_lia_arith,0.111
data/suite_500/QF_LIA/dillig/25-30.smt2,cvc5::cvc5_lia_default,0.113
data/suite_500/QF_LIA/dillig/25-30.smt2,z3::z3_lia_arith,120
data/suite_500/QF_LIA/dillig/25-30.smt2,z3::z3_lia_default,0.114
data/suite_500/QF_LIA/dillig/25-33.smt2,cvc5::cvc5_lia_arith,3.918
data/suite_500/QF_LIA/dillig/25-33.smt2,cvc5::cvc5_lia_default,3.886
data/suite_500/QF_LIA/dillig/25-33.smt2,z3::z3_lia_arith,7.521
data/suite_500/QF_LIA/dillig/25-33.smt2,z3::z3_lia_default,0.657
data/suite_500/QF_LIA/dillig/30-15.smt2,cvc5::cvc5_lia_arith,0.259
data/suite_500/QF_LIA/dillig/30-15.smt2,cvc5::cvc5_lia_default,0.259
data/suite_500/QF_LIA/dillig/30-15.smt2,z3::z3_lia_arith,0.012
data/suite_500/QF_LIA/dillig/30-15.smt2,z3::z3_lia_default,0.02
data/suite_500/QF_LIA/dillig/30-20.smt2,cvc5::cvc5_lia_arith,0.193
data/suite_500/QF_LIA/dillig/30-20.smt2,cvc5::cvc5_lia_default,0.193
data/suite_500/QF_LIA/dillig/30-20.smt2,z3::z3_lia_arith,0.024
data/suite_500/QF_LIA/dillig/30-20.smt2,z3::z3_lia_default,0.023
data/suite_500/QF_LIA/dillig/30-35.smt2,cvc5::cvc5_lia_arith,14.088
data/suite_500/QF_LIA/dillig/30-35.smt2,cvc5::cvc5_lia_default,13.859
data/suite_500/QF_LIA/dillig/30-35.smt2,z3::z3_lia_arith,7.333
data/suite_500/QF_LIA/dillig/30-35.smt2,z3::z3_lia_default,0.426
data/suite_500/QF_LIA/dillig/35-17.smt2,cvc5::cvc5_lia_arith,0.833
data/suite_500/QF_LIA/dillig/35-17.smt2,cvc5::cvc5_lia_default,0.814
data/suite_500/QF_LIA/dillig/35-17.smt2,z3::z3_lia_arith,0.459
data/suite_500/QF_LIA/dillig/35-17.smt2,z3::z3_lia_default,0.054
data/suite_500/QF_LIA/dillig/35-26.smt2,cvc5::cvc5_lia_arith,54.429
data/suite_500/QF_LIA/dillig/35-26.smt2,cvc5::cvc5_lia_default,54.258
data/suite_500/QF_LIA/dillig/35-26.smt2,z3::z3_lia_arith,0.256
data/suite_500/QF_LIA/dillig/35-26.smt2,z3::z3_lia_default,0.473
data/suite_500/QF_LIA/dillig/35-27.smt2,cvc5::cvc5_lia_arith,1.522
data/suite_500/QF_LIA/dillig/35-27.smt2,cvc5::cvc5_lia_default,1.503
data/suite_500/QF_LIA/dillig/35-27.smt2,z3::z3_lia_arith,0.182
data/suite_500/QF_LIA/dillig/35-27.smt2,z3::z3_lia_default,0.04
data/suite_500/QF_LIA/dillig/35-33.smt2,cvc5::cvc5_lia_arith,12.629
data/suite_500/QF_LIA/dillig/35-33.smt2,cvc5::cvc5_lia_default,12.559
data/suite_500/QF_LIA/dillig/35-33.smt2,z3::z3_lia_arith,0.344
data/suite_500/QF_LIA/dillig/35-33.smt2,z3::z3_lia_default,1.09
data/suite_500/QF_LIA/dillig/40-18.smt2,cvc5::cvc5_lia_arith,0.615
data/suite_500/QF_LIA/dillig/40-18.smt2,cvc5::cvc5_lia_default,0.624
data/suite_500/QF_LIA/dillig/40-18.smt2,z3::z3_lia_arith,0.067
data/suite_500/QF_LIA/dillig/40-18.smt2,z3::z3_lia_default,0.031
data/suite_500/QF_LIA/dillig/40-2.smt2,cvc5::cvc5_lia_arith,0.154
data/suite_500/QF_LIA/dillig/40-2.smt2,cvc5::cvc5_lia_default,0.156
data/suite_500/QF_LIA/dillig/40-2.smt2,z3::z3_lia_arith,0.01
data/suite_500/QF_LIA/dillig/40-2.smt2,z3::z3_lia_default,0.009
data/suite_500/QF_LIA/dillig/40-22.smt2,cvc5::cvc5_lia_arith,2.247
data/suite_500/QF_LIA/dillig/40-22.smt2,cvc5::cvc5_lia_default,2.199
data/suite_500/QF_LIA/dillig/40-22.smt2,z3::z3_lia_arith,0.057
data/suite_500/QF_LIA/dillig/40-22.smt2,z3::z3_lia_default,0.037
data/suite_500/QF_LIA/dillig/45-10.smt2,cvc5::cvc5_lia_arith,0.263
data/suite_500/QF_LIA/dillig/45-10.smt2,cvc5::cvc5_lia_default,0.265
data/suite_500/QF_LIA/dillig/45-10.smt2,z3::z3_lia_arith,0.019
data/suite_500/QF_LIA/dillig/45-10.smt2,z3::z3_lia_default,0.011
data/suite_500/QF_LIA/dillig/45-20.smt2,cvc5::cvc5_lia_arith,0.511
data/suite_500/QF_LIA/dillig/45-20.smt2,cvc5::cvc5_lia_default,0.517
data/suite_500/QF_LIA/dillig/45-20.smt2,z3::z3_lia_arith,0.031
data/suite_500/QF_LIA/dillig/45-20.smt2,z3::z3_lia_default,0.024
data/suite_500/QF_LIA/dillig/45-29.smt2,cvc5::cvc5_lia_arith,0.789
data/suite_500/QF_LIA/dillig/45-29.smt2,cvc5::cvc5_lia_default,0.772
data/suite_500/QF_LIA/dillig/45-29.smt2,z3::z3_lia_arith,0.11
data/suite_500/QF_LIA/dillig/45-29.smt2,z3::z3_lia_default,0.078
data/suite_500/QF_LIA/dillig/45-35.smt2,cvc5::cvc5_lia_arith,0.675
data/suite_500/QF_LIA/dillig/45-35.smt2,cvc5::cvc5_lia_default,0.668
data/suite_500/QF_LIA/dillig/45-35.smt2,z3::z3_lia_arith,7.211
data/suite_500/QF_LIA/dillig/45-35.smt2,z3::z3_lia_default,1.072
data/suite_500/QF_LIA/dillig/45-7.smt2,cvc5::cvc5_lia_arith,0.603
data/suite_500/QF_LIA/dillig/45-7.smt2,cvc5::cvc5_lia_default,0.595
data/suite_500/QF_LIA/dillig/45-7.smt2,z3::z3_lia_arith,7.039
data/suite_500/QF_LIA/dillig/45-7.smt2,z3::z3_lia_default,0.011
data/suite_500/QF_LIA/nec-smt/prp-0-15.smt2,cvc5::cvc5_lia_arith,0.299
data/suite_500/QF_LIA/nec-smt/prp-0-15.smt2,cvc5::cvc5_lia_default,0.223
data/suite_500/QF_LIA/nec-smt/prp-0-15.smt2,z3::z3_lia_arith,0.11
data/suite_500/QF_LIA/nec-smt/prp-0-15.smt2,z3::z3_lia_default,0.11
data/suite_500/QF_LIA/nec-smt/prp-0-47.smt2,cvc5::cvc5_lia_arith,120
data/suite_500/QF_LIA/nec-smt/prp-0-47.smt2,cvc5::cvc5_lia_default,120
data/suite_500/QF_LIA/nec-smt/prp-0-47.smt2,z3::z3_lia_arith,41.127
data/suite_500/QF_LIA/nec-smt/prp-0-47.smt2,z3::z3_lia_default,32.573
data/suite_500/QF_LIA/nec-smt/prp-0-49.smt2,cvc5::cvc5_lia_arith,120
data/suite_500/QF_LIA/nec-smt/prp-0-49.smt2,cvc5::cvc5_lia_default,120
data/suite_500/QF_LIA/nec-smt/prp-0-49.smt2,z3::z3_lia_arith,0.964
data/suite_500/QF_LIA/nec-smt/prp-0-49.smt2,z3::z3_lia_default,0.92
data/suite_500/QF_LIA/nec-smt/prp-11-46.smt2,cvc5::cvc5_lia_arith,120
data/suite_500/QF_LIA/nec-smt/prp-11-46.smt2,cvc5::cvc5_lia_default,120
data/suite_500/QF_LIA/nec-smt/prp-11-46.smt2,z3::z3_lia_arith,0.258
data/suite_500/QF_LIA/nec-smt/prp-11-46.smt2,z3::z3_lia_default,0.258
data/suite_500/QF_LIA/nec-smt/prp-14-46.smt2,cvc5::cvc5_lia_arith,120
data/suite_500/QF_LIA/nec-smt/prp-14-46.smt2,cvc5::cvc5_lia_default,120
data/suite_500/QF_LIA/nec-smt/prp-14-46.smt2,z3::z3_lia_arith,0.078
data/suite_500/QF_LIA/nec-smt/prp-14-46.smt2,z3::z3_lia_default,0.075
data/suite_500/QF_LIA/nec-smt/prp-18-48.smt2,cvc5::cvc5_lia_arith,120
data/suite_500/QF_LIA/nec-smt/prp-18-48.smt2,cvc5::cvc5_lia_default,120
data/suite_500/QF_LIA/nec-smt/prp-18-48.smt2,z3::z3_lia_arith,26.881
data/suite_500/QF_LIA/nec-smt/prp-18-48.smt2,z3::z3_lia_default,19.25
data/suite_500/QF_LIA/nec-smt/prp-19-49.smt2,cvc5::cvc5_lia_arith,120
data/suite_500/QF_LIA/nec-smt/prp-19-49.smt2,cvc5::cvc5_lia_default,120
data/suite_500/QF_LIA/nec-smt/prp-19-49.smt2,z3::z3_lia_arith,120
data/suite_500/QF_LIA/nec-smt/prp-19-49.smt2,z3::z3_lia_default,58.729
data/suite_500/QF_LIA/nec-smt/prp-19-50.smt2,cvc5::cvc5_lia_arith,120
data/suite_500/QF_LIA/nec-smt/prp-19-50.smt2,cvc5::cvc5_lia_default,120
data/suite_500/QF_LIA/nec-smt/prp-19-50.smt2,z3::z3_lia_arith,7.979
data/suite_500/QF_LIA/nec-smt/prp-19-50.smt2,z3::z3_lia_default,13.776
data/suite_500/QF_LIA/nec-smt/prp-20-35.smt2,cvc5::cvc5_lia_arith,120
data/suite_500/QF_LIA/nec-smt/prp-20-35.smt2,cvc5::cvc5_lia_default,120
data/suite_500/QF_LIA/nec-smt/prp-20-35.smt2,z3::z3_lia_arith,1.454
data/suite_500/QF_LIA/nec-smt/prp-20-35.smt2,z3::z3_lia_default,1.353
data/suite_500/QF_LIA/nec-smt/prp-22-43.smt2,cvc5::cvc5_lia_arith,120
data/suite_500/QF_LIA/nec-smt/prp-22-43.smt2,cvc5::cvc5_lia_default,120
data/suite_500/QF_LIA/nec-smt/prp-22-43.smt2,z3::z3_lia_arith,7.321
data/suite_500/QF_LIA/nec-smt/prp-22-43.smt2,z3::z3_lia_default,3.697
data/suite_500/QF_LIA/nec-smt/prp-24-50.smt2,cvc5::cvc5_lia_arith,120
data/suite_500/QF_LIA/nec-smt/prp-24-50.smt2,cvc5::cvc5_lia_default,120
data/suite_500/QF_LIA/nec-smt/prp-24-50.smt2,z3::z3_lia_arith,1.092
data/suite_500/QF_LIA/nec-smt/prp-24-50.smt2,z3::z3_lia_default,1.67
data/suite_500/QF_LIA/nec-smt/prp-32-50.smt2,cvc5::cvc5_lia_arith,120
data/suite_500/QF_LIA/nec-smt/prp-32-50.smt2,cvc5::cvc5_lia_default,120
data/suite_500/QF_LIA/nec-smt/prp-32-50.smt2,z3::z3_lia_arith,0.162
data/suite_500/QF_LIA/nec-smt/prp-32-50.smt2,z3::z3_lia_default,0.158
data/suite_500/QF_LIA/nec-smt/prp-34-46.smt2,cvc5::cvc5_lia_arith,120
data/suite_500/QF_LIA/nec-smt/prp-34-46.smt2,cvc5::cvc5_lia_default,120
data/suite_500/QF_LIA/nec-smt/prp-34-46.smt2,z3::z3_lia_arith,10.046
data/suite_500/QF_LIA/nec-smt/prp-34-46.smt2,z3::z3_lia_default,6.691
data/suite_500/QF_LIA/nec-smt/prp-38-46.smt2,cvc5::cvc5_lia_arith,120
data/suite_500/QF_LIA/nec-smt/prp-38-46.smt2,cvc5::cvc5_lia_default,120
data/suite_500/QF_LIA/nec-smt/prp-38-46.smt2,z3::z3_lia_arith,0.078
data/suite_500/QF_LIA/nec-smt/prp-38-46.smt2,z3::z3_lia_default,0.075
data/suite_500/QF_LIA/nec-smt/prp-4-46.smt2,cvc5::cvc5_lia_arith,120
data/suite_500/QF_LIA/nec-smt/prp-4-46.smt2,cvc5::cvc5_lia_default,120
data/suite_500/QF_LIA/nec-smt/prp-4-46.smt2,z3::z3_lia_arith,0.87
data/suite_500/QF_LIA/nec-smt/prp-4-46.smt2,z3::z3_lia_default,0.65
data/suite_500/QF_LIA/nec-smt/prp-40-49.smt2,cvc5::cvc5_lia_arith,120
data/suite_500/QF_LIA/nec-smt/prp-40-49.smt2,cvc5::cvc5_lia_default,120
data/suite_500/QF_LIA/nec-smt/prp-40-49.smt2,z3::z3_lia_arith,0.133
data/suite_500/QF_LIA/nec-smt/prp-40-49.smt2,z3::z3_lia_default,0.132
data/suite_500/QF_LIA/nec-smt/prp-45-47.smt2,cvc5::cvc5_lia_arith,120
data/suite_500/QF_LIA/nec-smt/prp-45-47.smt2,cvc5::cvc5_lia_default,120
data/suite_500/QF_LIA/nec-smt/prp-45-47.smt2,z3::z3_lia_arith,0.386
data/suite_500/QF_LIA/nec-smt/prp-45-47.smt2,z3::z3_lia_default,0.389
data/suite_500/QF_LIA/nec-smt/prp-47-46.smt2,cvc5::cvc5_lia_arith,120
data/suite_500/QF_LIA/nec-smt/prp-47-46.smt2,cvc5::cvc5_lia_default,120
data/suite_500/QF_LIA/nec-smt/prp-47-46.smt2,z3::z3_lia_arith,120
data/suite_500/QF_LIA/nec-smt/prp-47-46.smt2,z3::z3_lia_default,120
data/suite_500/QF_LIA/nec-smt/prp-49-50.smt2,cvc5::cvc5_lia_arith,120
data/suite_500/QF_LIA/nec-smt/prp-49-50.smt2,cvc5::cvc5_lia_default,120
data/suite_500/QF_LIA/nec-smt/prp-49-50.smt2,z3::z3_lia_arith,120
data/suite_500/QF_LIA/nec-smt/prp-49-50.smt2,z3::z3_lia_default,120
data/suite_500/QF_LIA/nec-smt/prp-5-36.smt2,cvc5::cvc5_lia_arith,120
data/suite_500/QF_LIA/nec-smt/prp-5-36.smt2,cvc5::cvc5_lia_default,120
data/suite_500/QF_LIA/nec-smt/prp-5-36.smt2,z3::z3_lia_arith,1.875
data/suite_500/QF_LIA/nec-smt/prp-5-36.smt2,z3::z3_lia_default,4.498
data/suite_500/QF_LIA/nec-smt/prp-50-50.smt2,cvc5::cvc5_lia_arith,120
data/suite_500/QF_LIA/nec-smt/prp-50-50.smt2,cvc5::cvc5_lia_default,120
data/suite_500/QF_LIA/nec-smt/prp-50-50.smt2,z3::z3_lia_arith,120
data/suite_500/QF_LIA/nec-smt/prp-50-50.smt2,z3::z3_lia_default,120
data/suite_500/QF_LIA/nec-smt/prp-54-49.smt2,cvc5::cvc5_lia_arith,120
data/suite_500/QF_LIA/nec-smt/prp-54-49.smt2,cvc5::cvc5_lia_default,120
data/suite_500/QF_LIA/nec-smt/prp-54-49.smt2,z3::z3_lia_arith,120
data/suite_500/QF_LIA/nec-smt/prp-54-49.smt2,z3::z3_lia_default,56.831
data/suite_500/QF_LIA/nec-smt/prp-6-25.smt2,cvc5::cvc5_lia_arith,20.273
data/suite_500/QF_LIA/nec-smt/prp-6-25.smt2,cvc5::cvc5_lia_default,24.268
data/suite_500/QF_LIA/nec-smt/prp-6-25.smt2,z3::z3_lia_arith,0.377
data/suite_500/QF_LIA/nec-smt/prp-6-25.smt2,z3::z3_lia_default,0.402
data/suite_500/QF_LIA/nec-smt/prp-6-48.smt2,cvc5::cvc5_lia_arith,120
data/suite_500/QF_LIA/nec-smt/prp-6-48.smt2,cvc5::cvc5_lia_default,120
data/suite_500/QF_LIA/nec-smt/prp-6-48.smt2,z3::z3_lia_arith,120
data/suite_500/QF_LIA/nec-smt/prp-6-48.smt2,z3::z3_lia_default,120
data/suite_500/QF_LIA/nec-smt/prp-7-48.smt2,cvc5::cvc5_lia_arith,120
data/suite_500/QF_LIA/nec-smt/prp-7-48.smt2,cvc5::cvc5_lia_default,120
data/suite_500/QF_LIA/nec-smt/prp-7-48.smt2,z3::z3_lia_arith,120
data/suite_500/QF_LIA/nec-smt/prp-7-48.smt2,z3::z3_lia_default,120
data/suite_500/QF_LIA/rings/ring_2exp10_4vars_2ite_unsat.smt2,cvc5::cvc5_lia_arith,0.565
data/suite_500/QF_LIA/rings/ring_2exp10_4vars_2ite_unsat.smt2,cvc5::cvc5_lia_default,0.579
data/suite_500/QF_LIA/rings/ring_2exp10_4vars_2ite_unsat.smt2,z3::z3_lia_arith,0.134
data/suite_500/QF_LIA/rings/ring_2exp10_4vars_2ite_unsat.smt2,z3::z3_lia_default,0.022
data/suite_500/QF_LIA/rings/ring_2exp10_8vars_1ite_unsat.smt2,cvc5::cvc5_lia_arith,120
data/suite_500/QF_LIA/rings/ring_2exp10_8vars_1ite_unsat.smt2,cvc5::cvc5_lia_default,120
data/suite_500/QF_LIA/rings/ring_2exp10_8vars_1ite_unsat.smt2,z3::z3_lia_arith,25.032
data/suite_500/QF_LIA/rings/ring_2exp10_8vars_1ite_unsat.smt2,z3::z3_lia_default,0.1
data/suite_500/QF_LIA/rings/ring_2exp12_4vars_0ite_unsat.smt2,cvc5::cvc5_lia_arith,0.007
data/suite_500/QF_LIA/rings/ring_2exp12_4vars_0ite_unsat.smt2,cvc5::cvc5_lia_default,0.007
data/suite_500/QF_LIA/rings/ring_2exp12_4vars_0ite_unsat.smt2,z3::z3_lia_arith,0.01
data/suite_500/QF_LIA/rings/ring_2exp12_4vars_0ite_unsat.smt2,z3::z3_lia_default,0.009
data/suite_500/QF_LIA/rings/ring_2exp12_5vars_3ite_unsat.smt2,cvc5::cvc5_lia_arith,51.109
data/suite_500/QF_LIA/rings/ring_2exp12_5vars_3ite_unsat.smt2,cvc5::cvc5_lia_default,52.594
data/suite_500/QF_LIA/rings/ring_2exp12_5vars_3ite_unsat.smt2,z3::z3_lia_arith,17.648
data/suite_500/QF_LIA/rings/ring_2exp12_5vars_3ite_unsat.smt2,z3::z3_lia_default,0.041
data/suite_500/QF_LIA/rings/ring_2exp12_8vars_7ite_unsat.smt2,cvc5::cvc5_lia_arith,120
data/suite_500/QF_LIA/rings/ring_2exp12_8vars_7ite_unsat.smt2,cvc5::cvc5_lia_default,120
data/suite_500/QF_LIA/rings/ring_2exp12_8vars_7ite_unsat.smt2,z3::z3_lia_arith,120
data/suite_500/QF_LIA/rings/ring_2exp12_8vars_7ite_unsat.smt2,z3::z3_lia_default,23.862
data/suite_500/QF_LIA/rings/ring_2exp12_9vars_8ite_unsat.smt2,cvc5::cvc5_lia_arith,120
data/suite_500/QF_LIA/rings/ring_2exp12_9vars_8ite_unsat.smt2,cvc5::cvc5_lia_default,120
data/suite_500/QF_LIA/rings/ring_2exp12_9vars_8ite_unsat.smt2,z3::z3_lia_arith,120
data/suite_500/QF_LIA/rings/ring_2exp12_9vars_8ite_unsat.smt2,z3::z3_lia_default,120
data/suite_500/QF_LIA/rings/ring_2exp14_6vars_0ite_unsat.smt2,cvc5::cvc5_lia_arith,0.011
data/suite_500/QF_LIA/rings/ring_2exp14_6vars_0ite_unsat.smt2,cvc5::cvc5_lia_default,0.011
data/suite_500/QF_LIA/rings/ring_2exp14_6vars_0ite_unsat.smt2,z3::z3_lia_arith,0.012
data/suite_500/QF_LIA/rings/ring_2exp14_6vars_0ite_unsat.smt2,z3::z3_lia_default,0.011
data/suite_500/QF_LIA/rings/ring_2exp14_6vars_1ite_unsat.smt2,cvc5::cvc5_lia_arith,120
data/suite_500/QF_LIA/rings/ring_2exp14_6vars_1ite_unsat.smt2,cvc5::cvc5_lia_default,120
data/suite_500/QF_LIA/rings/ring_2exp14_6vars_1ite_unsat.smt2,z3::z3_lia_arith,25.026
data/suite_500/QF_LIA/rings/ring_2exp14_6vars_1ite_unsat.smt2,z3::z3_lia_default,0.028
data/suite_500/QF_LIA/rings/ring_2exp14_8vars_1ite_unsat.smt2,cvc5::cvc5_lia_arith,120
data/suite_500/QF_LIA/rings/ring_2exp14_8vars_1ite_unsat.smt2,cvc5::cvc5_lia_default,120
data/suite_500/QF_LIA/rings/ring_2exp14_8vars_1ite_unsat.smt2,z3::z3_lia_arith,25.026
data/suite_500/QF_LIA/rings/ring_2exp14_8vars_1ite_unsat.smt2,z3::z3_lia_default,0.057
data/suite_500/QF_LIA/rings/ring_2exp14_9vars_5ite_unsat.smt2,cvc5::cvc5_lia_arith,120
data/suite_500/QF_LIA/rings/ring_2exp14_9vars_5ite_unsat.smt2,cvc5::cvc5_lia_default,120
data/suite_500/QF_LIA/rings/ring_2exp14_9vars_5ite_unsat.smt2,z3::z3_lia_arith,26.355
data/suite_500/QF_LIA/rings/ring_2exp14_9vars_5ite_unsat.smt2,z3::z3_lia_default,0.996
data/suite_500/QF_LIA/rings/ring_2exp14_9vars_8ite_unsat.smt2,cvc5::cvc5_lia_arith,120
data/suite_500/QF_LIA/rings/ring_2exp14_9vars_8ite_unsat.smt2,cvc5::cvc5_lia_default,120
data/suite_500/QF_LIA/rings/ring_2exp14_9vars_8ite_unsat.smt2,z3::z3_lia_arith,120
data/suite_500/QF_LIA/rings/ring_2exp14_9vars_8ite_unsat.smt2,z3::z3_lia_default,120
data/suite_500/QF_LIA/rings/ring_2exp16_3vars_2ite_unsat.smt2,cvc5::cvc5_lia_arith,0.031
data/suite_500/QF_LIA/rings/ring_2exp16_3vars_2ite_unsat.smt2,cvc5::cvc5_lia_default,0.031
data/suite_500/QF_LIA/rings/ring_2exp16_3vars_2ite_unsat.smt2,z3::z3_lia_arith,0.016
data/suite_500/QF_LIA/rings/ring_2exp16_3vars_2ite_unsat.smt2,z3::z3_lia_default,0.014
data/suite_500/QF_LIA/rings/ring_2exp16_4vars_1ite_unsat.smt2,cvc5::cvc5_lia_arith,0.558
data/suite_500/QF_LIA/rings/ring_2exp16_4vars_1ite_unsat.smt2,cvc5::cvc5_lia_default,0.56
data/suite_500/QF_LIA/rings/ring_2exp16_4vars_1ite_unsat.smt2,z3::z3_lia_arith,0.113
data/suite_500/QF_LIA/rings/ring_2exp16_4vars_1ite_unsat.smt2,z3::z3_lia_default,0.018
data/suite_500/QF_LIA/rings/ring_2exp4_3vars_1ite_unsat.smt2,cvc5::cvc5_lia_arith,0.03
data/suite_500/QF_LIA/rings/ring_2exp4_3vars_1ite_unsat.smt2,cvc5::cvc5_lia_default,0.03
data/suite_500/QF_LIA/rings/ring_2exp4_3vars_1ite_unsat.smt2,z3::z3_lia_arith,0.014
data/suite_500/QF_LIA/rings/ring_2exp4_3vars_1ite_unsat.smt2,z3::z3_lia_default,0.011
data/suite_500/QF_LIA/rings/ring_2exp4_3vars_2ite_unsat.smt2,cvc5::cvc5_lia_arith,0.031
data/suite_500/QF_LIA/rings/ring_2exp4_3vars_2ite_unsat.smt2,cvc5::cvc5_lia_default,0.031
data/suite_500/QF_LIA/rings/ring_2exp4_3vars_2ite_unsat.smt2,z3::z3_lia_arith,0.014
data/suite_500/QF_LIA/rings/ring_2exp4_3vars_2ite_unsat.smt2,z3::z3_lia_default,0.015
data/suite_500/QF_LIA/rings/ring_2exp4_5vars_3ite_unsat.smt2,cvc5::cvc5_lia_arith,12.869
data/suite_500/QF_LIA/rings/ring_2exp4_5vars_3ite_unsat.smt2,cvc5::cvc5_lia_default,12.674
data/suite_500/QF_LIA/rings/ring_2exp4_5vars_3ite_unsat.smt2,z3::z3_lia_arith,1.715
data/suite_500/QF_LIA/rings/ring_2exp4_5vars_3ite_unsat.smt2,z3::z3_lia_default,0.041
data/suite_500/QF_LIA/rings/ring_2exp4_8vars_5ite_unsat.smt2,cvc5::cvc5_lia_arith,120
data/suite_500/QF_LIA/rings/ring_2exp4_8vars_5ite_unsat.smt2,cvc5::cvc5_lia_default,120
data/suite_500/QF_LIA/rings/ring_2exp4_8vars_5ite_unsat.smt2,z3::z3_lia_arith,120
data/suite_500/QF_LIA/rings/ring_2exp4_8vars_5ite_unsat.smt2,z3::z3_lia_default,0.405
data/suite_500/QF_LIA/rings/ring_2exp4_8vars_6ite_unsat.smt2,cvc5::cvc5_lia_arith,120
data/suite_500/QF_LIA/rings/ring_2exp4_8vars_6ite_unsat.smt2,cvc5::cvc5_lia_default,120
data/suite_500/QF_LIA/rings/ring_2exp4_8vars_6ite_unsat.smt2,z3::z3_lia_arith,120
data/suite_500/QF_LIA/rings/ring_2exp4_8vars_6ite_unsat.smt2,z3::z3_lia_default,15.463
data/suite_500/QF_LIA/rings/ring_2exp6_7vars_5ite_unsat.smt2,cvc5::cvc5_lia_arith,120
data/suite_500/QF_LIA/rings/ring_2exp6_7vars_5ite_unsat.smt2,cvc5::cvc5_lia_default,120
data/suite_500/QF_LIA/rings/ring_2exp6_7vars_5ite_unsat.smt2,z3::z3_lia_arith,29.095
data/suite_500/QF_LIA/rings/ring_2exp6_7vars_5ite_unsat.smt2,z3::z3_lia_default,0.414
data/suite_500/QF_LIA/rings/ring_2exp6_8vars_3ite_unsat.smt2,cvc5::cvc5_lia_arith,120
data/suite_500/QF_LIA/rings/ring_2exp6_8vars_3ite_unsat.smt2,cvc5::cvc5_lia_default,120
data/suite_500/QF_LIA/rings/ring_2exp6_8vars_3ite_unsat.smt2,z3::z3_lia_arith,25.153
data/suite_500/QF_LIA/rings/ring_2exp6_8vars_3ite_unsat.smt2,z3::z3_lia_default,0.129
data/suite_500/QF_LIA/rings/ring_2exp6_9vars_2ite_unsat.smt2,cvc5::cvc5_lia_arith,120
data/suite_500/QF_LIA/rings/ring_2exp6_9vars_2ite_unsat.smt2,cvc5::cvc5_lia_default,120
data/suite_500/QF_LIA/rings/ring_2exp6_9vars_2ite_unsat.smt2,z3::z3_lia_arith,25.279
data/suite_500/QF_LIA/rings/ring_2exp6_9vars_2ite_unsat.smt2,z3::z3_lia_default,0.125
data/suite_500/QF_LIA/rings/ring_2exp6_9vars_6ite_unsat.smt2,cvc5::cvc5_lia_arith,120
data/suite_500/QF_LIA/rings/ring_2exp6_9vars_6ite_unsat.smt2,cvc5::cvc5_lia_default,120
data/suite_500/QF_LIA/rings/ring_2exp6_9vars_6ite_unsat.smt2,z3::z3_lia_arith,120
data/suite_500/QF_LIA/rings/ring_2exp6_9vars_6ite_unsat.smt2,z3::z3_lia_default,15.866
data/suite_500/QF_LIA/rings/ring_2exp8_6vars_2ite_unsat.smt2,cvc5::cvc5_lia_arith,120
data/suite_500/QF_LIA/rings/ring_2exp8_6vars_2ite_unsat.smt2,cvc5::cvc5_lia_default,120
data/suite_500/QF_LIA/rings/ring_2exp8_6vars_2ite_unsat.smt2,z3::z3_lia_arith,25.072
data/suite_500/QF_LIA/rings/ring_2exp8_6vars_2ite_unsat.smt2,z3::z3_lia_default,0.043
data/suite_500/QF_LIA/rings/ring_2exp8_6vars_5ite_unsat.smt2,cvc5::cvc5_lia_arith,120
data/suite_500/QF_LIA/rings/ring_2exp8_6vars_5ite_unsat.smt2,cvc5::cvc5_lia_default,120
data/suite_500/QF_LIA/rings/ring_2exp8_6vars_5ite_unsat.smt2,z3::z3_lia_arith,120
data/suite_500/QF_LIA/rings/ring_2exp8_6vars_5ite_unsat.smt2,z3::z3_lia_default,0.4
data/suite_500/QF_LIA/rings/ring_2exp8_9vars_5ite_unsat.smt2,cvc5::cvc5_lia_arith,120
data/suite_500/QF_LIA/rings/ring_2exp8_9vars_5ite_unsat.smt2,cvc5::cvc5_lia_default,120
data/suite_500/QF_LIA/rings/ring_2exp8_9vars_5ite_unsat.smt2,z3::z3_lia_arith,29.725
data/suite_500/QF_LIA/rings/ring_2exp8_9vars_5ite_unsat.smt2,z3::z3_lia_default,0.657
data/suite_500/QF_LIA/rings_preprocessed/ring_2exp12_7vars_3ite_unsat.smt2,cvc5::cvc5_lia_arith,120
data/suite_500/QF_LIA/rings_preprocessed/ring_2exp12_7vars_3ite_unsat.smt2,cvc5::cvc5_lia_default,120
data/suite_500/QF_LIA/rings_preprocessed/ring_2exp12_7vars_3ite_unsat.smt2,z3::z3_lia_arith,0.042
data/suite_500/QF_LIA/rings_preprocessed/ring_2exp12_7vars_3ite_unsat.smt2,z3::z3_lia_default,0.108
data/suite_500/QF_LIA/rings_preprocessed/ring_2exp12_8vars_1ite_unsat.smt2,cvc5::cvc5_lia_arith,120
data/suite_500/QF_LIA/rings_preprocessed/ring_2exp12_8vars_1ite_unsat.smt2,cvc5::cvc5_lia_default,120
data/suite_500/QF_LIA/rings_preprocessed/ring_2exp12_8vars_1ite_unsat.smt2,z3::z3_lia_arith,0.021
data/suite_500/QF_LIA/rings_preprocessed/ring_2exp12_8vars_1ite_unsat.smt2,z3::z3_lia_default,0.053
data/suite_500/QF_LIA/rings_preprocessed/ring_2exp14_4vars_0ite_unsat.smt2,cvc5::cvc5_lia_arith,0.008
data/suite_500/QF_LIA/rings_preprocessed/ring_2exp14_4vars_0ite_unsat.smt2,cvc5::cvc5_lia_default,0.008
data/suite_500/QF_LIA/rings_preprocessed/ring_2exp14_4vars_0ite_unsat.smt2,z3::z3_lia_arith,0.318
data/suite_500/QF_LIA/rings_preprocessed/ring_2exp14_4vars_0ite_unsat.smt2,z3::z3_lia_default,0.008
data/suite_500/QF_LIA/rings_preprocessed/ring_2exp14_6vars_3ite_unsat.smt2,cvc5::cvc5_lia_arith,120
data/suite_500/QF_LIA/rings_preprocessed/ring_2exp14_6vars_3ite_unsat.smt2,cvc5::cvc5_lia_default,120
data/suite_500/QF_LIA/rings_preprocessed/ring_2exp14_6vars_3ite_unsat.smt2,z3::z3_lia_arith,0.035
data/suite_500/QF_LIA/rings_preprocessed/ring_2exp14_6vars_3ite_unsat.smt2,z3::z3_lia_default,0.076
data/suite_500/QF_LIA/rings_preprocessed/ring_2exp14_6vars_4ite_unsat.smt2,cvc5::cvc5_lia_arith,120
data/suite_500/QF_LIA/rings_preprocessed/ring_2exp14_6vars_4ite_unsat.smt2,cvc5::cvc5_lia_default,120
data/suite_500/QF_LIA/rings_preprocessed/ring_2exp14_6vars_4ite_unsat.smt2,z3::z3_lia_arith,120
data/suite_500/QF_LIA/rings_preprocessed/ring_2exp14_6vars_4ite_unsat.smt2,z3::z3_lia_default,0.491
data/suite_500/QF_LIA/rings_preprocessed/ring_2exp14_7vars_3ite_unsat.smt2,cvc5::cvc5_lia_arith,120
data/suite_500/QF_LIA/rings_preprocessed/ring_2exp14_7vars_3ite_unsat.smt2,cvc5::cvc5_lia_default,120
data/suite_500/QF_LIA/rings_preprocessed/ring_2exp14_7vars_3ite_unsat.smt2,z3::z3_lia_arith,0.049
data/suite_500/QF_LIA/rings_preprocessed/ring_2exp14_7vars_3ite_unsat.smt2,z3::z3_lia_default,0.108
data/suite_500/QF_LIA/rings_preprocessed/ring_2exp14_9vars_0ite_unsat.smt2,cvc5::cvc5_lia_arith,0.019
data/suite_500/QF_LIA/rings_preprocessed/ring_2exp14_9vars_0ite_unsat.smt2,cvc5::cvc5_lia_default,0.02
data/suite_500/QF_LIA/rings_preprocessed/ring_2exp14_9vars_0ite_unsat.smt2,z3::z3_lia_arith,0.013
data/suite_500/QF_LIA/rings_preprocessed/ring_2exp14_9vars_0ite_unsat.smt2,z3::z3_lia_default,0.013
data/suite_500/QF_LIA/rings_preprocessed/ring_2exp14_9vars_1ite_unsat.smt2,cvc5::cvc5_lia_arith,120
data/suite_500/QF_LIA/rings_preprocessed/ring_2exp14_9vars_1ite_unsat.smt2,cvc5::cvc5_lia_default,120
data/suite_500/QF_LIA/rings_preprocessed/ring_2exp14_9vars_1ite_unsat.smt2,z3::z3_lia_arith,0.019
data/suite_500/QF_LIA/rings_preprocessed/ring_2exp14_9vars_1ite_unsat.smt2,z3::z3_lia_default,0.078
data/suite_500/QF_LIA/rings_preprocessed/ring_2exp16_8vars_0ite_unsat.smt2,cvc5::cvc5_lia_arith,0.016
data/suite_500/QF_LIA/rings_preprocessed/ring_2exp16_8vars_0ite_unsat.smt2,cvc5::cvc5_lia_default,0.016
data/suite_500/QF_LIA/rings_preprocessed/ring_2exp16_8vars_0ite_unsat.smt2,z3::z3_lia_arith,0.012
data/suite_500/QF_LIA/rings_preprocessed/ring_2exp16_8vars_0ite_unsat.smt2,z3::z3_lia_default,0.012
data/suite_500/QF_LIA/rings_preprocessed/ring_2exp16_8vars_7ite_unsat.smt2,cvc5::cvc5_lia_arith,120
data/suite_500/QF_LIA/rings_preprocessed/ring_2exp16_8vars_7ite_unsat.smt2,cvc5::cvc5_lia_default,120
data/suite_500/QF_LIA/rings_preprocessed/ring_2exp16_8vars_7ite_unsat.smt2,z3::z3_lia_arith,120
data/suite_500/QF_LIA/rings_preprocessed/ring_2exp16_8vars_7ite_unsat.smt2,z3::z3_lia_default,120
data/suite_500/QF_LIA/rings_preprocessed/ring_2exp16_9vars_1ite_unsat.smt2,cvc5::cvc5_lia_arith,120
data/suite_500/QF_LIA/rings_preprocessed/ring_2exp16_9vars_1ite_unsat.smt2,cvc5::cvc5_lia_default,120
data/suite_500/QF_LIA/rings_preprocessed/ring_2exp16_9vars_1ite_unsat.smt2,z3::z3_lia_arith,0.024
data/suite_500/QF_LIA/rings_preprocessed/ring_2exp16_9vars_1ite_unsat.smt2,z3::z3_lia_default,0.1
data/suite_500/QF_LIA/rings_preprocessed/ring_2exp16_9vars_4ite_unsat.smt2,cvc5::cvc5_lia_arith,120
data/suite_500/QF_LIA/rings_preprocessed/ring_2exp16_9vars_4ite_unsat.smt2,cvc5::cvc5_lia_default,120
data/suite_500/QF_LIA/rings_preprocessed/ring_2exp16_9vars_4ite_unsat.smt2,z3::z3_lia_arith,0.193
data/suite_500/QF_LIA/rings_preprocessed/ring_2exp16_9vars_4ite_unsat.smt2,z3::z3_lia_default,0.42
data/suite_500/QF_LIA/rings_preprocessed/ring_2exp4_5vars_1ite_unsat.smt2,cvc5::cvc5_lia_arith,3.62
data/suite_500/QF_LIA/rings_preprocessed/ring_2exp4_5vars_1ite_unsat.smt2,cvc5::cvc5_lia_default,3.672
data/suite_500/QF_LIA/rings_preprocessed/ring_2exp4_5vars_1ite_unsat.smt2,z3::z3_lia_arith,0.014
data/suite_500/QF_LIA/rings_preprocessed/ring_2exp4_5vars_1ite_unsat.smt2,z3::z3_lia_default,0.015
data/suite_500/QF_LIA/rings_preprocessed/ring_2exp4_6vars_2ite_unsat.smt2,cvc5::cvc5_lia_arith,120
data/suite_500/QF_LIA/rings_preprocessed/ring_2exp4_6vars_2ite_unsat.smt2,cvc5::cvc5_lia_default,120
data/suite_500/QF_LIA/rings_preprocessed/ring_2exp4_6vars_2ite_unsat.smt2,z3::z3_lia_arith,0.026
data/suite_500/QF_LIA/rings_preprocessed/ring_2exp4_6vars_2ite_unsat.smt2,z3::z3_lia_default,0.022
data/suite_500/QF_LIA/rings_preprocessed/ring_2exp4_6vars_4ite_unsat.smt2,cvc5::cvc5_lia_arith,120
data/suite_500/QF_LIA/rings_preprocessed/ring_2exp4_6vars_4ite_unsat.smt2,cvc5::cvc5_lia_default,120
data/suite_500/QF_LIA/rings_preprocessed/ring_2exp4_6vars_4ite_unsat.smt2,z3::z3_lia_arith,0.581
data/suite_500/QF_LIA/rings_preprocessed/ring_2exp4_6vars_4ite_unsat.smt2,z3::z3_lia_default,0.141
data/suite_500/QF_LIA/rings_preprocessed/ring_2exp4_7vars_0ite_unsat.smt2,cvc5::cvc5_lia_arith,0.014
data/suite_500/QF_LIA/rings_preprocessed/ring_2exp4_7vars_0ite_unsat.smt2,cvc5::cvc5_lia_default,0.015
data/suite_500/QF_LIA/rings_preprocessed/ring_2exp4_7vars_0ite_unsat.smt2,z3::z3_lia_arith,0.013
data/suite_500/QF_LIA/rings_preprocessed/ring_2exp4_7vars_0ite_unsat.smt2,z3::z3_lia_default,0.011
data/suite_500/QF_LIA/rings_preprocessed/ring_2exp4_8vars_2ite_unsat.smt2,cvc5::cvc5_lia_arith,120
data/suite_500/QF_LIA/rings_preprocessed/ring_2exp4_8vars_2ite_unsat.smt2,cvc5::cvc5_lia_default,120
data/suite_500/QF_LIA/rings_preprocessed/ring_2exp4_8vars_2ite_unsat.smt2,z3::z3_lia_arith,0.063
data/suite_500/QF_LIA/rings_preprocessed/ring_2exp4_8vars_2ite_unsat.smt2,z3::z3_lia_default,0.035
data/suite_500/QF_LIA/rings_preprocessed/ring_2exp4_8vars_4ite_unsat.smt2,cvc5::cvc5_lia_arith,120
data/suite_500/QF_LIA/rings_preprocessed/ring_2exp4_8vars_4ite_unsat.smt2,cvc5::cvc5_lia_default,120
data/suite_500/QF_LIA/rings_preprocessed/ring_2exp4_8vars_4ite_unsat.smt2,z3::z3_lia_arith,0.253
data/suite_500/QF_LIA/rings_preprocessed/ring_2exp4_8vars_4ite_unsat.smt2,z3::z3_lia_default,0.07
data/suite_500/QF_LIA/rings_preprocessed/ring_2exp6_7vars_0ite_unsat.smt2,cvc5::cvc5_lia_arith,0.015
data/suite_500/QF_LIA/rings_preprocessed/ring_2exp6_7vars_0ite_unsat.smt2,cvc5::cvc5_lia_default,0.014
data/suite_500/QF_LIA/rings_preprocessed/ring_2exp6_7vars_0ite_unsat.smt2,z3::z3_lia_arith,0.013
data/suite_500/QF_LIA/rings_preprocessed/ring_2exp6_7vars_0ite_unsat.smt2,z3::z3_lia_default,0.011
data/suite_500/QF_LIA/rings_preprocessed/ring_2exp6_7vars_2ite_unsat.smt2,cvc5::cvc5_lia_arith,120
data/suite_500/QF_LIA/rings_preprocessed/ring_2exp6_7vars_2ite_unsat.smt2,cvc5::cvc5_lia_default,120
data/suite_500/QF_LIA/rings_preprocessed/ring_2exp6_7vars_2ite_unsat.smt2,z3::z3_lia_arith,0.085
data/suite_500/QF_LIA/rings_preprocessed/ring_2exp6_7vars_2ite_unsat.smt2,z3::z3_lia_default,0.052
data/suite_500/QF_LIA/rings_preprocessed/ring_2exp6_8vars_2ite_unsat.smt2,cvc5::cvc5_lia_arith,120
data/suite_500/QF_LIA/rings_preprocessed/ring_2exp6_8vars_2ite_unsat.smt2,cvc5::cvc5_lia_default,120
data/suite_500/QF_LIA/rings_preprocessed/ring_2exp6_8vars_2ite_unsat.smt2,z3::z3_lia_arith,0.038
data/suite_500/QF_LIA/rings_preprocessed/ring_2exp6_8vars_2ite_unsat.smt2,z3::z3_lia_default,0.033
data/suite_500/QF_LIA/rings_preprocessed/ring_2exp8_8vars_0ite_unsat.smt2,cvc5::cvc5_lia_arith,0.016
data/suite_500/QF_LIA/rings_preprocessed/ring_2exp8_8vars_0ite_unsat.smt2,cvc5::cvc5_lia_default,0.016
data/suite_500/QF_LIA/rings_preprocessed/ring_2exp8_8vars_0ite_unsat.smt2,z3::z3_lia_arith,0.013
data/suite_500/QF_LIA/rings_preprocessed/ring_2exp8_8vars_0ite_unsat.smt2,z3::z3_lia_default,0.011
data/suite_500/QF_LIA/rings_preprocessed/ring_2exp8_8vars_1ite_unsat.smt2,cvc5::cvc5_lia_arith,120
data/suite_500/QF_LIA/rings_preprocessed/ring_2exp8_8vars_1ite_unsat.smt2,cvc5::cvc5_lia_default,120
data/suite_500/QF_LIA/rings_preprocessed/ring_2exp8_8vars_1ite_unsat.smt2,z3::z3_lia_arith,0.022
data/suite_500/QF_LIA/rings_preprocessed/ring_2exp8_8vars_1ite_unsat.smt2,z3::z3_lia_default,0.047
data/suite_500/QF_LIA/rings_preprocessed/ring_2exp8_8vars_4ite_unsat.smt2,cvc5::cvc5_lia_arith,120
data/suite_500/QF_LIA/rings_preprocessed/ring_2exp8_8vars_4ite_unsat.smt2,cvc5::cvc5_lia_default,120
data/suite_500/QF_LIA/rings_preprocessed/ring_2exp8_8vars_4ite_unsat.smt2,z3::z3_lia_arith,0.256
data/suite_500/QF_LIA/rings_preprocessed/ring_2exp8_8vars_4ite_unsat.smt2,z3::z3_lia_default,0.485
data/suite_500/QF_LIA/rings_preprocessed/ring_2exp8_9vars_8ite_unsat.smt2,cvc5::cvc5_lia_arith,120
data/suite_500/QF_LIA/rings_preprocessed/ring_2exp8_9vars_8ite_unsat.smt2,cvc5::cvc5_lia_default,120
data/suite_500/QF_LIA/rings_preprocessed/ring_2exp8_9vars_8ite_unsat.smt2,z3::z3_lia_arith,120
data/suite_500/QF_LIA/rings_preprocessed/ring_2exp8_9vars_8ite_unsat.smt2,z3::z3_lia_default,120
data/suite_500/QF_LIA/slacks/15-10.slack.smt2,cvc5::cvc5_lia_arith,0.02
data/suite_500/QF_LIA/slacks/15-10.slack.smt2,cvc5::cvc5_lia_default,0.02
data/suite_500/QF_LIA/slacks/15-10.slack.smt2,z3::z3_lia_arith,0.009
data/suite_500/QF_LIA/slacks/15-10.slack.smt2,z3::z3_lia_default,0.009
data/suite_500/QF_LIA/slacks/15-14.slack.smt2,cvc5::cvc5_lia_arith,0.02
data/suite_500/QF_LIA/slacks/15-14.slack.smt2,cvc5::cvc5_lia_default,0.02
data/suite_500/QF_LIA/slacks/15-14.slack.smt2,z3::z3_lia_arith,0.01
data/suite_500/QF_LIA/slacks/15-14.slack.smt2,z3::z3_lia_default,0.009
data/suite_500/QF_LIA/slacks/20-19.slack.smt2,cvc5::cvc5_lia_arith,0.414
data/suite_500/QF_LIA/slacks/20-19.slack.smt2,cvc5::cvc5_lia_default,0.411
data/suite_500/QF_LIA/slacks/20-19.slack.smt2,z3::z3_lia_arith,7.884
data/suite_500/QF_LIA/slacks/20-19.slack.smt2,z3::z3_lia_default,0.034
data/suite_500/QF_LIA/slacks/20-5.slack.smt2,cvc5::cvc5_lia_arith,0.021
data/suite_500/QF_LIA/slacks/20-5.slack.smt2,cvc5::cvc5_lia_default,0.021
data/suite_500/QF_LIA/slacks/20-5.slack.smt2,z3::z3_lia_arith,0.01
data/suite_500/QF_LIA/slacks/20-5.slack.smt2,z3::z3_lia_default,0.01
data/suite_500/QF_LIA/slacks/25-12.slack.smt2,cvc5::cvc5_lia_arith,120
data/suite_500/QF_LIA/slacks/25-12.slack.smt2,cvc5::cvc5_lia_default,120
data/suite_500/QF_LIA/slacks/25-12.slack.smt2,z3::z3_lia_arith,7.032
data/suite_500/QF_LIA/slacks/25-12.slack.smt2,z3::z3_lia_default,0.029
data/suite_500/QF_LIA/slacks/25-16.slack.smt2,cvc5::cvc5_lia_arith,0.655
data/suite_500/QF_LIA/slacks/25-16.slack.smt2,cvc5::cvc5_lia_default,0.655
data/suite_500/QF_LIA/slacks/25-16.slack.smt2,z3::z3_lia_arith,120
data/suite_500/QF_LIA/slacks/25-16.slack.smt2,z3::z3_lia_default,27.887
data/suite_500/QF_LIA/slacks/25-2.slack.smt2,cvc5::cvc5_lia_arith,0.131
data/suite_500/QF_LIA/slacks/25-2.slack.smt2,cvc5::cvc5_lia_default,0.131
data/suite_500/QF_LIA/slacks/25-2.slack.smt2,z3::z3_lia_arith,0.021
data/suite_500/QF_LIA/slacks/25-2.slack.smt2,z3::z3_lia_default,0.012
data/suite_500/QF_LIA/slacks/25-24.slack.smt2,cvc5::cvc5_lia_arith,5.242
data/suite_500/QF_LIA/slacks/25-24.slack.smt2,cvc5::cvc5_lia_default,5.344
data/suite_500/QF_LIA/slacks/25-24.slack.smt2,z3::z3_lia_arith,56.716
data/suite_500/QF_LIA/slacks/25-24.slack.smt2,z3::z3_lia_default,44.378
data/suite_500/QF_LIA/slacks/25-30.slack.smt2,cvc5::cvc5_lia_arith,120
data/suite_500/QF_LIA/slacks/25-30.slack.smt2,cvc5::cvc5_lia_default,120
data/suite_500/QF_LIA/slacks/25-30.slack.smt2,z3::z3_lia_arith,7.198
data/suite_500/QF_LIA/slacks/25-30.slack.smt2,z3::z3_lia_default,26.445
data/suite_500/QF_LIA/slacks/25-5.slack.smt2,cvc5::cvc5_lia_arith,0.029
data/suite_500/QF_LIA/slacks/25-5.slack.smt2,cvc5::cvc5_lia_default,0.03
data/suite_500/QF_LIA/slacks/25-5.slack.smt2,z3::z3_lia_arith,0.014
data/suite_500/QF_LIA/slacks/25-5.slack.smt2,z3::z3_lia_default,0.01
data/suite_500/QF_LIA/slacks/25-9.slack.smt2,cvc5::cvc5_lia_arith,0.363
data/suite_500/QF_LIA/slacks/25-9.slack.smt2,cvc5::cvc5_lia_default,0.365
data/suite_500/QF_LIA/slacks/25-9.slack.smt2,z3::z3_lia_arith,0.012
data/suite_500/QF_LIA/slacks/25-9.slack.smt2,z3::z3_lia_default,0.015
data/suite_500/QF_LIA/slacks/30-16.slack.smt2,cvc5::cvc5_lia_arith,0.765
data/suite_500/QF_LIA/slacks/30-16.slack.smt2,cvc5::cvc5_lia_default,0.758
data/suite_500/QF_LIA/slacks/30-16.slack.smt2,z3::z3_lia_arith,120
data/suite_500/QF_LIA/slacks/30-16.slack.smt2,z3::z3_lia_default,0.124
data/suite_500/QF_LIA/slacks/30-25.slack.smt2,cvc5::cvc5_lia_arith,0.883
data/suite_500/QF_LIA/slacks/30-25.slack.smt2,cvc5::cvc5_lia_default,0.883
data/suite_500/QF_LIA/slacks/30-25.slack.smt2,z3::z3_lia_arith,7.823
data/suite_500/QF_LIA/slacks/30-25.slack.smt2,z3::z3_lia_default,7.1
data/suite_500/QF_LIA/slacks/30-27.slack.smt2,cvc5::cvc5_lia_arith,3.571
data/suite_500/QF_LIA/slacks/30-27.slack.smt2,cvc5::cvc5_lia_default,3.61
data/suite_500/QF_LIA/slacks/30-27.slack.smt2,z3::z3_lia_arith,120
data/suite_500/QF_LIA/slacks/30-27.slack.smt2,z3::z3_lia_default,7.197
data/suite_500/QF_LIA/slacks/30-4.slack.smt2,cvc5::cvc5_lia_arith,0.015
data/suite_500/QF_LIA/slacks/30-4.slack.smt2,cvc5::cvc5_lia_default,0.016
data/suite_500/QF_LIA/slacks/30-4.slack.smt2,z3::z3_lia_arith,0.012
data/suite_500/QF_LIA/slacks/30-4.slack.smt2,z3::z3_lia_default,0.011
data/suite_500/QF_LIA/slacks/30-7.slack.smt2,cvc5::cvc5_lia_arith,40.313
data/suite_500/QF_LIA/slacks/30-7.slack.smt2,cvc5::cvc5_lia_default,42.251
data/suite_500/QF_LIA/slacks/30-7.slack.smt2,z3::z3_lia_arith,0.016
data/suite_500/QF_LIA/slacks/30-7.slack.smt2,z3::z3_lia_default,0.013
data/suite_500/QF_LIA/slacks/35-10.slack.smt2,cvc5::cvc5_lia_arith,2.086
data/suite_500/QF_LIA/slacks/35-10.slack.smt2,cvc5::cvc5_lia_default,2.068
data/suite_500/QF_LIA/slacks/35-10.slack.smt2,z3::z3_lia_arith,0.065
data/suite_500/QF_LIA/slacks/35-10.slack.smt2,z3::z3_lia_default,0.011
data/suite_500/QF_LIA/slacks/40-11.slack.smt2,cvc5::cvc5_lia_arith,1.808
data/suite_500/QF_LIA/slacks/40-11.slack.smt2,cvc5::cvc5_lia_default,1.803
data/suite_500/QF_LIA/slacks/40-11.slack.smt2,z3::z3_lia_arith,120
data/suite_500/QF_LIA/slacks/40-11.slack.smt2,z3::z3_lia_default,0.011
data/suite_500/QF_LIA/slacks/40-12.slack.smt2,cvc5::cvc5_lia_arith,2.216
data/suite_500/QF_LIA/slacks/40-12.slack.smt2,cvc5::cvc5_lia_default,2.222
data/suite_500/QF_LIA/slacks/40-12.slack.smt2,z3::z3_lia_arith,0.022
data/suite_500/QF_LIA/slacks/40-12.slack.smt2,z3::z3_lia_default,0.031
data/suite_500/QF_LIA/slacks/40-20.slack.smt2,cvc5::cvc5_lia_arith,2.191
data/suite_500/QF_LIA/slacks/40-20.slack.smt2,cvc5::cvc5_lia_default,2.179
data/suite_500/QF_LIA/slacks/40-20.slack.smt2,z3::z3_lia_arith,1.031
data/suite_500/QF_LIA/slacks/40-20.slack.smt2,z3::z3_lia_default,0.089
data/suite_500/QF_LIA/slacks/40-8.slack.smt2,cvc5::cvc5_lia_arith,1.477
data/suite_500/QF_LIA/slacks/40-8.slack.smt2,cvc5::cvc5_lia_default,1.493
data/suite_500/QF_LIA/slacks/40-8.slack.smt2,z3::z3_lia_arith,0.217
data/suite_500/QF_LIA/slacks/40-8.slack.smt2,z3::z3_lia_default,0.011
data/suite_500/QF_LIA/slacks/45-10.slack.smt2,cvc5::cvc5_lia_arith,0.152
data/suite_500/QF_LIA/slacks/45-10.slack.smt2,cvc5::cvc5_lia_default,0.152
data/suite_500/QF_LIA/slacks/45-10.slack.smt2,z3::z3_lia_arith,0.011
data/suite_500/QF_LIA/slacks/45-10.slack.smt2,z3::z3_lia_default,0.013
data/suite_500/QF_LIA/slacks/45-27.slack.smt2,cvc5::cvc5_lia_arith,3.981
data/suite_500/QF_LIA/slacks/45-27.slack.smt2,cvc5::cvc5_lia_default,4.013
data/suite_500/QF_LIA/slacks/45-27.slack.smt2,z3::z3_lia_arith,120
data/suite_500/QF_LIA/slacks/45-27.slack.smt2,z3::z3_lia_default,0.269
data/suite_500/QF_LIA/slacks/45-28.slack.smt2,cvc5::cvc5_lia_arith,120
data/suite_500/QF_LIA/slacks/45-28.slack.smt2,cvc5::cvc5_lia_default,120
data/suite_500/QF_LIA/slacks/45-28.slack.smt2,z3::z3_lia_arith,120
data/suite_500/QF_LIA/slacks/45-28.slack.smt2,z3::z3_lia_default,0.42
data/suite_500/QF_LIA/slacks/45-9.slack.smt2,cvc5::cvc5_lia_arith,0.015
data/suite_500/QF_LIA/slacks/45-9.slack.smt2,cvc5::cvc5_lia_default,0.016
data/suite_500/QF_LIA/slacks/45-9.slack.smt2,z3::z3_lia_arith,0.013
data/suite_500/QF_LIA/slacks/45-9.slack.smt2,z3::z3_lia_default,0.011
